LINE_ID,PLANT_CODE,PROD_DATE,SHIFT,SHIFT_START_TS,PLANNED_TIME_MIN,BREAKDOWN_MIN,MINOR_STOP_MIN,CHANGEOVER_MIN,RUN_TIME_MIN,IDEAL_CYCLE_TIME_S,TOTAL_COUNT,GOOD_COUNT
PUN-L1,PUN,2026-08-06,A,2026-08-06 06:00:00,450.0,0.0,7.0,0.0,443.0,42,571,567
PUN-L1,PUN,2026-08-06,B,2026-08-06 14:00:00,450.0,0.0,6.0,0.0,444.0,42,557,553
PUN-L1,PUN,2026-08-06,C,2026-08-06 22:00:00,450.0,0.0,26.0,0.0,424.0,42,504,492
PUN-L2,PUN,2026-08-06,A,2026-08-06 06:00:00,450.0,0.0,11.0,20.0,419.0,38,549,539
PUN-L2,PUN,2026-08-06,B,2026-08-06 14:00:00,450.0,0.0,18.0,0.0,432.0,38,631,616
PUN-L2,PUN,2026-08-06,C,2026-08-06 22:00:00,450.0,0.0,12.0,0.0,438.0,38,591,576
CHN-L1,CHN,2026-08-06,A,2026-08-06 06:00:00,450.0,0.0,23.0,0.0,427.0,45,504,499
CHN-L1,CHN,2026-08-06,B,2026-08-06 14:00:00,450.0,0.0,21.0,0.0,429.0,45,519,509
CHN-L1,CHN,2026-08-06,C,2026-08-06 22:00:00,450.0,0.0,23.0,0.0,427.0,45,518,513
CHN-L2,CHN,2026-08-06,A,2026-08-06 06:00:00,450.0,0.0,27.0,0.0,423.0,40,545,541
CHN-L2,CHN,2026-08-06,B,2026-08-06 14:00:00,450.0,0.0,8.0,0.0,442.0,40,563,549
CHN-L2,CHN,2026-08-06,C,2026-08-06 22:00:00,450.0,0.0,14.0,0.0,436.0,40,540,528
PUN-L1,PUN,2026-08-07,A,2026-08-07 06:00:00,450.0,0.0,19.0,0.0,431.0,42,554,541
PUN-L1,PUN,2026-08-07,B,2026-08-07 14:00:00,450.0,0.0,14.0,0.0,436.0,42,550,546
PUN-L1,PUN,2026-08-07,C,2026-08-07 22:00:00,450.0,0.0,22.0,0.0,428.0,42,559,551
PUN-L2,PUN,2026-08-07,A,2026-08-07 06:00:00,450.0,0.0,26.0,0.0,424.0,38,586,575
PUN-L2,PUN,2026-08-07,B,2026-08-07 14:00:00,450.0,0.0,19.0,0.0,431.0,38,581,570
PUN-L2,PUN,2026-08-07,C,2026-08-07 22:00:00,450.0,0.0,8.0,0.0,442.0,38,627,616
CHN-L1,CHN,2026-08-07,A,2026-08-07 06:00:00,450.0,0.0,26.0,20.0,404.0,45,486,479
CHN-L1,CHN,2026-08-07,B,2026-08-07 14:00:00,450.0,0.0,25.0,0.0,425.0,45,496,492
CHN-L1,CHN,2026-08-07,C,2026-08-07 22:00:00,450.0,0.0,17.0,0.0,433.0,45,515,507
CHN-L2,CHN,2026-08-07,A,2026-08-07 06:00:00,450.0,0.0,12.0,0.0,438.0,40,607,593
CHN-L2,CHN,2026-08-07,B,2026-08-07 14:00:00,450.0,0.0,12.0,0.0,438.0,40,608,598
CHN-L2,CHN,2026-08-07,C,2026-08-07 22:00:00,450.0,0.0,16.0,0.0,434.0,40,562,550
PUN-L1,PUN,2026-08-08,A,2026-08-08 06:00:00,450.0,0.0,18.0,0.0,432.0,42,560,554
PUN-L1,PUN,2026-08-08,B,2026-08-08 14:00:00,450.0,0.0,21.0,0.0,429.0,42,520,511
PUN-L1,PUN,2026-08-08,C,2026-08-08 22:00:00,450.0,0.0,11.0,0.0,439.0,42,519,513
PUN-L2,PUN,2026-08-08,A,2026-08-08 06:00:00,450.0,0.0,9.0,20.0,421.0,38,604,589
PUN-L2,PUN,2026-08-08,B,2026-08-08 14:00:00,450.0,0.0,21.0,0.0,429.0,38,612,598
PUN-L2,PUN,2026-08-08,C,2026-08-08 22:00:00,450.0,0.0,16.0,0.0,434.0,38,625,612
CHN-L1,CHN,2026-08-08,A,2026-08-08 06:00:00,450.0,0.0,9.0,20.0,421.0,45,467,457
CHN-L1,CHN,2026-08-08,B,2026-08-08 14:00:00,450.0,0.0,9.0,0.0,441.0,45,532,520
CHN-L1,CHN,2026-08-08,C,2026-08-08 22:00:00,450.0,0.0,10.0,0.0,440.0,45,496,488
CHN-L2,CHN,2026-08-08,A,2026-08-08 06:00:00,450.0,0.0,22.0,0.0,428.0,40,558,553
CHN-L2,CHN,2026-08-08,B,2026-08-08 14:00:00,450.0,0.0,12.0,0.0,438.0,40,610,601
CHN-L2,CHN,2026-08-08,C,2026-08-08 22:00:00,450.0,0.0,6.0,0.0,444.0,40,602,587
PUN-L1,PUN,2026-08-09,A,2026-08-09 06:00:00,450.0,0.0,23.0,20.0,407.0,42,508,504
PUN-L1,PUN,2026-08-09,B,2026-08-09 14:00:00,450.0,0.0,9.0,0.0,441.0,42,517,504
PUN-L1,PUN,2026-08-09,C,2026-08-09 22:00:00,450.0,0.0,7.0,0.0,443.0,42,544,530
PUN-L2,PUN,2026-08-09,A,2026-08-09 06:00:00,450.0,0.0,11.0,20.0,419.0,38,561,551
PUN-L2,PUN,2026-08-09,B,2026-08-09 14:00:00,450.0,0.0,7.0,0.0,443.0,38,606,591
PUN-L2,PUN,2026-08-09,C,2026-08-09 22:00:00,450.0,0.0,11.0,0.0,439.0,38,592,581
CHN-L1,CHN,2026-08-09,A,2026-08-09 06:00:00,450.0,0.0,25.0,20.0,405.0,45,481,470
CHN-L1,CHN,2026-08-09,B,2026-08-09 14:00:00,450.0,0.0,19.0,0.0,431.0,45,513,503
CHN-L1,CHN,2026-08-09,C,2026-08-09 22:00:00,450.0,0.0,9.0,0.0,441.0,45,521,514
CHN-L2,CHN,2026-08-09,A,2026-08-09 06:00:00,450.0,0.0,6.0,20.0,424.0,40,549,541
CHN-L2,CHN,2026-08-09,B,2026-08-09 14:00:00,450.0,0.0,26.0,0.0,424.0,40,542,537
CHN-L2,CHN,2026-08-09,C,2026-08-09 22:00:00,450.0,0.0,11.0,0.0,439.0,40,587,583
PUN-L1,PUN,2026-08-10,A,2026-08-10 06:00:00,450.0,0.0,13.0,20.0,417.0,42,512,499
PUN-L1,PUN,2026-08-10,B,2026-08-10 14:00:00,450.0,0.0,14.0,0.0,436.0,42,546,534
PUN-L1,PUN,2026-08-10,C,2026-08-10 22:00:00,450.0,0.0,10.0,0.0,440.0,42,541,529
PUN-L2,PUN,2026-08-10,A,2026-08-10 06:00:00,450.0,0.0,8.0,0.0,442.0,38,627,616
PUN-L2,PUN,2026-08-10,B,2026-08-10 14:00:00,450.0,0.0,26.0,0.0,424.0,38,620,615
PUN-L2,PUN,2026-08-10,C,2026-08-10 22:00:00,450.0,0.0,12.0,0.0,438.0,38,636,632
CHN-L1,CHN,2026-08-10,A,2026-08-10 06:00:00,450.0,0.0,18.0,0.0,432.0,45,534,526
CHN-L1,CHN,2026-08-10,B,2026-08-10 14:00:00,450.0,0.0,15.0,0.0,435.0,45,529,523
CHN-L1,CHN,2026-08-10,C,2026-08-10 22:00:00,450.0,0.0,16.0,0.0,434.0,45,490,483
CHN-L2,CHN,2026-08-10,A,2026-08-10 06:00:00,450.0,0.0,14.0,0.0,436.0,40,554,541
CHN-L2,CHN,2026-08-10,B,2026-08-10 14:00:00,450.0,0.0,11.0,0.0,439.0,40,609,599
CHN-L2,CHN,2026-08-10,C,2026-08-10 22:00:00,450.0,0.0,15.0,0.0,435.0,40,556,549
PUN-L1,PUN,2026-08-11,A,2026-08-11 06:00:00,450.0,0.0,26.0,20.0,404.0,42,481,473
PUN-L1,PUN,2026-08-11,B,2026-08-11 14:00:00,450.0,0.0,20.0,0.0,430.0,42,558,548
PUN-L1,PUN,2026-08-11,C,2026-08-11 22:00:00,450.0,0.0,27.0,0.0,423.0,42,548,539
PUN-L2,PUN,2026-08-11,A,2026-08-11 06:00:00,450.0,0.0,15.0,0.0,435.0,38,590,577
PUN-L2,PUN,2026-08-11,B,2026-08-11 14:00:00,450.0,0.0,6.0,0.0,444.0,38,643,634
PUN-L2,PUN,2026-08-11,C,2026-08-11 22:00:00,450.0,0.0,16.0,0.0,434.0,38,580,575
CHN-L1,CHN,2026-08-11,A,2026-08-11 06:00:00,450.0,0.0,16.0,0.0,434.0,45,524,512
CHN-L1,CHN,2026-08-11,B,2026-08-11 14:00:00,450.0,0.0,16.0,0.0,434.0,45,527,520
CHN-L1,CHN,2026-08-11,C,2026-08-11 22:00:00,450.0,0.0,15.0,0.0,435.0,45,498,489
CHN-L2,CHN,2026-08-11,A,2026-08-11 06:00:00,450.0,0.0,10.0,0.0,440.0,40,541,534
CHN-L2,CHN,2026-08-11,B,2026-08-11 14:00:00,450.0,0.0,12.0,0.0,438.0,40,576,566
CHN-L2,CHN,2026-08-11,C,2026-08-11 22:00:00,450.0,0.0,20.0,0.0,430.0,40,535,528
PUN-L1,PUN,2026-08-12,A,2026-08-12 06:00:00,450.0,0.0,11.0,20.0,419.0,42,546,542
PUN-L1,PUN,2026-08-12,B,2026-08-12 14:00:00,450.0,0.0,16.0,0.0,434.0,42,531,525
PUN-L1,PUN,2026-08-12,C,2026-08-12 22:00:00,450.0,0.0,9.0,0.0,441.0,42,570,564
PUN-L2,PUN,2026-08-12,A,2026-08-12 06:00:00,450.0,0.0,19.0,20.0,411.0,38,571,560
PUN-L2,PUN,2026-08-12,B,2026-08-12 14:00:00,450.0,0.0,7.0,0.0,443.0,38,600,595
PUN-L2,PUN,2026-08-12,C,2026-08-12 22:00:00,450.0,0.0,8.0,0.0,442.0,38,627,616
CHN-L1,CHN,2026-08-12,A,2026-08-12 06:00:00,450.0,0.0,24.0,0.0,426.0,45,515,508
CHN-L1,CHN,2026-08-12,B,2026-08-12 14:00:00,450.0,0.0,22.0,0.0,428.0,45,481,469
CHN-L1,CHN,2026-08-12,C,2026-08-12 22:00:00,450.0,0.0,15.0,0.0,435.0,45,526,515
CHN-L2,CHN,2026-08-12,A,2026-08-12 06:00:00,450.0,0.0,24.0,0.0,426.0,40,549,538
CHN-L2,CHN,2026-08-12,B,2026-08-12 14:00:00,450.0,0.0,22.0,0.0,428.0,40,588,574
CHN-L2,CHN,2026-08-12,C,2026-08-12 22:00:00,450.0,0.0,20.0,0.0,430.0,40,587,579
PUN-L1,PUN,2026-08-13,A,2026-08-13 06:00:00,450.0,0.0,12.0,0.0,438.0,42,524,516
PUN-L1,PUN,2026-08-13,B,2026-08-13 14:00:00,450.0,0.0,7.0,0.0,443.0,42,546,538
PUN-L1,PUN,2026-08-13,C,2026-08-13 22:00:00,450.0,0.0,24.0,0.0,426.0,42,474,461
PUN-L2,PUN,2026-08-13,A,2026-08-13 06:00:00,450.0,0.0,26.0,20.0,404.0,38,537,532
PUN-L2,PUN,2026-08-13,B,2026-08-13 14:00:00,450.0,0.0,18.0,0.0,432.0,38,575,561
PUN-L2,PUN,2026-08-13,C,2026-08-13 22:00:00,450.0,0.0,15.0,0.0,435.0,38,576,563
CHN-L1,CHN,2026-08-13,A,2026-08-13 06:00:00,450.0,0.0,6.0,0.0,444.0,45,536,524
CHN-L1,CHN,2026-08-13,B,2026-08-13 14:00:00,450.0,0.0,18.0,0.0,432.0,45,490,486
CHN-L1,CHN,2026-08-13,C,2026-08-13 22:00:00,450.0,0.0,10.0,0.0,440.0,45,508,498
CHN-L2,CHN,2026-08-13,A,2026-08-13 06:00:00,450.0,0.0,26.0,0.0,424.0,40,578,565
CHN-L2,CHN,2026-08-13,B,2026-08-13 14:00:00,450.0,0.0,8.0,0.0,442.0,40,580,573
CHN-L2,CHN,2026-08-13,C,2026-08-13 22:00:00,450.0,0.0,23.0,0.0,427.0,40,568,561
PUN-L1,PUN,2026-08-14,A,2026-08-14 06:00:00,450.0,0.0,27.0,0.0,423.0,42,472,454
PUN-L1,PUN,2026-08-14,B,2026-08-14 14:00:00,450.0,0.0,23.0,0.0,427.0,42,493,473
PUN-L1,PUN,2026-08-14,C,2026-08-14 22:00:00,450.0,0.0,22.0,0.0,428.0,42,468,454
PUN-L2,PUN,2026-08-14,A,2026-08-14 06:00:00,450.0,0.0,23.0,0.0,427.0,38,607,596
PUN-L2,PUN,2026-08-14,B,2026-08-14 14:00:00,450.0,0.0,21.0,0.0,429.0,38,595,581
PUN-L2,PUN,2026-08-14,C,2026-08-14 22:00:00,450.0,0.0,7.0,0.0,443.0,38,606,599
CHN-L1,CHN,2026-08-14,A,2026-08-14 06:00:00,450.0,0.0,26.0,20.0,404.0,45,492,484
CHN-L1,CHN,2026-08-14,B,2026-08-14 14:00:00,450.0,0.0,14.0,0.0,436.0,45,535,522
CHN-L1,CHN,2026-08-14,C,2026-08-14 22:00:00,450.0,0.0,18.0,0.0,432.0,45,528,520
CHN-L2,CHN,2026-08-14,A,2026-08-14 06:00:00,450.0,0.0,17.0,0.0,433.0,40,549,535
CHN-L2,CHN,2026-08-14,B,2026-08-14 14:00:00,450.0,0.0,16.0,0.0,434.0,40,592,587
CHN-L2,CHN,2026-08-14,C,2026-08-14 22:00:00,450.0,0.0,27.0,0.0,423.0,40,544,533
PUN-L1,PUN,2026-08-15,A,2026-08-15 06:00:00,450.0,0.0,10.0,20.0,420.0,42,513,500
PUN-L1,PUN,2026-08-15,B,2026-08-15 14:00:00,450.0,0.0,20.0,0.0,430.0,42,487,469
PUN-L1,PUN,2026-08-15,C,2026-08-15 22:00:00,450.0,0.0,26.0,0.0,424.0,42,490,475
PUN-L2,PUN,2026-08-15,A,2026-08-15 06:00:00,450.0,0.0,22.0,20.0,408.0,38,575,570
PUN-L2,PUN,2026-08-15,B,2026-08-15 14:00:00,450.0,0.0,26.0,0.0,424.0,38,608,601
PUN-L2,PUN,2026-08-15,C,2026-08-15 22:00:00,450.0,0.0,15.0,0.0,435.0,38,588,584
CHN-L1,CHN,2026-08-15,A,2026-08-15 06:00:00,450.0,0.0,6.0,0.0,444.0,45,516,511
CHN-L1,CHN,2026-08-15,B,2026-08-15 14:00:00,450.0,0.0,6.0,0.0,444.0,45,522,510
CHN-L1,CHN,2026-08-15,C,2026-08-15 22:00:00,450.0,0.0,23.0,0.0,427.0,45,510,500
CHN-L2,CHN,2026-08-15,A,2026-08-15 06:00:00,450.0,0.0,21.0,0.0,429.0,40,541,532
CHN-L2,CHN,2026-08-15,B,2026-08-15 14:00:00,450.0,0.0,8.0,0.0,442.0,40,577,573
CHN-L2,CHN,2026-08-15,C,2026-08-15 22:00:00,450.0,0.0,13.0,0.0,437.0,40,579,572
PUN-L1,PUN,2026-08-16,A,2026-08-16 06:00:00,450.0,0.0,23.0,0.0,427.0,42,468,451
PUN-L1,PUN,2026-08-16,B,2026-08-16 14:00:00,450.0,0.0,17.0,0.0,433.0,42,513,497
PUN-L1,PUN,2026-08-16,C,2026-08-16 22:00:00,450.0,0.0,9.0,0.0,441.0,42,494,475
PUN-L2,PUN,2026-08-16,A,2026-08-16 06:00:00,450.0,0.0,23.0,0.0,427.0,38,592,583
PUN-L2,PUN,2026-08-16,B,2026-08-16 14:00:00,450.0,0.0,10.0,0.0,440.0,38,569,560
PUN-L2,PUN,2026-08-16,C,2026-08-16 22:00:00,450.0,0.0,22.0,0.0,428.0,38,608,602
CHN-L1,CHN,2026-08-16,A,2026-08-16 06:00:00,450.0,0.0,21.0,0.0,429.0,45,519,510
CHN-L1,CHN,2026-08-16,B,2026-08-16 14:00:00,450.0,0.0,23.0,0.0,427.0,45,514,506
CHN-L1,CHN,2026-08-16,C,2026-08-16 22:00:00,450.0,0.0,8.0,0.0,442.0,45,544,537
CHN-L2,CHN,2026-08-16,A,2026-08-16 06:00:00,450.0,0.0,16.0,20.0,414.0,40,512,505
CHN-L2,CHN,2026-08-16,B,2026-08-16 14:00:00,450.0,0.0,7.0,0.0,443.0,40,545,531
CHN-L2,CHN,2026-08-16,C,2026-08-16 22:00:00,450.0,0.0,13.0,0.0,437.0,40,591,583
PUN-L1,PUN,2026-08-17,A,2026-08-17 06:00:00,450.0,0.0,6.0,0.0,444.0,42,517,500
PUN-L1,PUN,2026-08-17,B,2026-08-17 14:00:00,450.0,0.0,8.0,0.0,442.0,42,528,508
PUN-L1,PUN,2026-08-17,C,2026-08-17 22:00:00,450.0,0.0,11.0,0.0,439.0,42,541,524
PUN-L2,PUN,2026-08-17,A,2026-08-17 06:00:00,450.0,0.0,24.0,20.0,406.0,38,573,563
PUN-L2,PUN,2026-08-17,B,2026-08-17 14:00:00,450.0,0.0,9.0,0.0,441.0,38,606,597
PUN-L2,PUN,2026-08-17,C,2026-08-17 22:00:00,450.0,0.0,10.0,0.0,440.0,38,604,593
CHN-L1,CHN,2026-08-17,A,2026-08-17 06:00:00,450.0,0.0,22.0,0.0,428.0,45,526,521
CHN-L1,CHN,2026-08-17,B,2026-08-17 14:00:00,450.0,0.0,13.0,0.0,437.0,45,521,511
CHN-L1,CHN,2026-08-17,C,2026-08-17 22:00:00,450.0,0.0,12.0,0.0,438.0,45,524,517
CHN-L2,CHN,2026-08-17,A,2026-08-17 06:00:00,450.0,0.0,15.0,0.0,435.0,40,558,549
CHN-L2,CHN,2026-08-17,B,2026-08-17 14:00:00,450.0,0.0,26.0,0.0,424.0,40,583,568
CHN-L2,CHN,2026-08-17,C,2026-08-17 22:00:00,450.0,0.0,6.0,0.0,444.0,40,575,570
PUN-L1,PUN,2026-08-18,A,2026-08-18 06:00:00,450.0,0.0,24.0,0.0,426.0,42,490,476
PUN-L1,PUN,2026-08-18,B,2026-08-18 14:00:00,450.0,0.0,8.0,0.0,442.0,42,512,501
PUN-L1,PUN,2026-08-18,C,2026-08-18 22:00:00,450.0,0.0,17.0,0.0,433.0,42,476,465
PUN-L2,PUN,2026-08-18,A,2026-08-18 06:00:00,450.0,0.0,16.0,0.0,434.0,38,566,554
PUN-L2,PUN,2026-08-18,B,2026-08-18 14:00:00,450.0,0.0,12.0,0.0,438.0,38,637,626
PUN-L2,PUN,2026-08-18,C,2026-08-18 22:00:00,450.0,0.0,26.0,0.0,424.0,38,560,556
CHN-L1,CHN,2026-08-18,A,2026-08-18 06:00:00,450.0,0.0,7.0,20.0,423.0,45,487,479
CHN-L1,CHN,2026-08-18,B,2026-08-18 14:00:00,450.0,0.0,11.0,0.0,439.0,45,507,496
CHN-L1,CHN,2026-08-18,C,2026-08-18 22:00:00,450.0,0.0,22.0,0.0,428.0,45,528,516
CHN-L2,CHN,2026-08-18,A,2026-08-18 06:00:00,450.0,0.0,15.0,0.0,435.0,40,555,542
CHN-L2,CHN,2026-08-18,B,2026-08-18 14:00:00,450.0,0.0,22.0,0.0,428.0,40,596,590
CHN-L2,CHN,2026-08-18,C,2026-08-18 22:00:00,450.0,0.0,17.0,0.0,433.0,40,534,520
PUN-L1,PUN,2026-08-19,A,2026-08-19 06:00:00,450.0,0.0,19.0,0.0,431.0,42,487,473
PUN-L1,PUN,2026-08-19,B,2026-08-19 14:00:00,450.0,450.0,24.0,0.0,0.0,42,0,0
PUN-L1,PUN,2026-08-19,C,2026-08-19 22:00:00,450.0,110.0,22.0,0.0,318.0,42,374,367
PUN-L2,PUN,2026-08-19,A,2026-08-19 06:00:00,450.0,0.0,6.0,0.0,444.0,38,595,588
PUN-L2,PUN,2026-08-19,B,2026-08-19 14:00:00,450.0,0.0,27.0,0.0,423.0,38,581,568
PUN-L2,PUN,2026-08-19,C,2026-08-19 22:00:00,450.0,0.0,22.0,0.0,428.0,38,603,596
CHN-L1,CHN,2026-08-19,A,2026-08-19 06:00:00,450.0,0.0,15.0,20.0,415.0,45,505,497
CHN-L1,CHN,2026-08-19,B,2026-08-19 14:00:00,450.0,0.0,14.0,0.0,436.0,45,528,516
CHN-L1,CHN,2026-08-19,C,2026-08-19 22:00:00,450.0,0.0,10.0,0.0,440.0,45,544,538
CHN-L2,CHN,2026-08-19,A,2026-08-19 06:00:00,450.0,0.0,9.0,20.0,421.0,40,565,557
CHN-L2,CHN,2026-08-19,B,2026-08-19 14:00:00,450.0,0.0,20.0,0.0,430.0,40,578,568
CHN-L2,CHN,2026-08-19,C,2026-08-19 22:00:00,450.0,0.0,23.0,0.0,427.0,40,567,554
PUN-L1,PUN,2026-08-20,A,2026-08-20 06:00:00,450.0,0.0,18.0,20.0,412.0,42,451,433
PUN-L1,PUN,2026-08-20,B,2026-08-20 14:00:00,450.0,0.0,21.0,0.0,429.0,42,479,462
PUN-L1,PUN,2026-08-20,C,2026-08-20 22:00:00,450.0,0.0,15.0,0.0,435.0,42,487,471
PUN-L2,PUN,2026-08-20,A,2026-08-20 06:00:00,450.0,0.0,21.0,0.0,429.0,38,603,593
PUN-L2,PUN,2026-08-20,B,2026-08-20 14:00:00,450.0,0.0,9.0,0.0,441.0,38,608,603
PUN-L2,PUN,2026-08-20,C,2026-08-20 22:00:00,450.0,0.0,7.0,0.0,443.0,38,613,599
CHN-L1,CHN,2026-08-20,A,2026-08-20 06:00:00,450.0,0.0,16.0,0.0,434.0,45,504,493
CHN-L1,CHN,2026-08-20,B,2026-08-20 14:00:00,450.0,0.0,27.0,0.0,423.0,45,500,489
CHN-L1,CHN,2026-08-20,C,2026-08-20 22:00:00,450.0,0.0,24.0,0.0,426.0,45,519,512
CHN-L2,CHN,2026-08-20,A,2026-08-20 06:00:00,450.0,0.0,13.0,20.0,417.0,40,518,510
CHN-L2,CHN,2026-08-20,B,2026-08-20 14:00:00,450.0,0.0,17.0,0.0,433.0,40,546,541
CHN-L2,CHN,2026-08-20,C,2026-08-20 22:00:00,450.0,0.0,21.0,0.0,429.0,40,597,582
PUN-L1,PUN,2026-08-21,A,2026-08-21 06:00:00,450.0,0.0,9.0,20.0,421.0,42,501,490
PUN-L1,PUN,2026-08-21,B,2026-08-21 14:00:00,450.0,0.0,10.0,0.0,440.0,42,525,512
PUN-L1,PUN,2026-08-21,C,2026-08-21 22:00:00,450.0,0.0,18.0,0.0,432.0,42,503,489
PUN-L2,PUN,2026-08-21,A,2026-08-21 06:00:00,450.0,0.0,10.0,20.0,420.0,38,589,581
PUN-L2,PUN,2026-08-21,B,2026-08-21 14:00:00,450.0,0.0,25.0,0.0,425.0,38,597,590
PUN-L2,PUN,2026-08-21,C,2026-08-21 22:00:00,450.0,0.0,6.0,0.0,444.0,38,599,585
CHN-L1,CHN,2026-08-21,A,2026-08-21 06:00:00,450.0,0.0,16.0,0.0,434.0,45,519,506
CHN-L1,CHN,2026-08-21,B,2026-08-21 14:00:00,450.0,0.0,23.0,0.0,427.0,45,511,504
CHN-L1,CHN,2026-08-21,C,2026-08-21 22:00:00,450.0,0.0,18.0,0.0,432.0,45,503,491
CHN-L2,CHN,2026-08-21,A,2026-08-21 06:00:00,450.0,0.0,6.0,0.0,444.0,40,551,539
CHN-L2,CHN,2026-08-21,B,2026-08-21 14:00:00,450.0,0.0,24.0,0.0,426.0,40,538,532
CHN-L2,CHN,2026-08-21,C,2026-08-21 22:00:00,450.0,0.0,10.0,0.0,440.0,40,607,597
PUN-L1,PUN,2026-08-22,A,2026-08-22 06:00:00,450.0,0.0,23.0,20.0,407.0,42,458,439
PUN-L1,PUN,2026-08-22,B,2026-08-22 14:00:00,450.0,0.0,25.0,0.0,425.0,42,510,497
PUN-L1,PUN,2026-08-22,C,2026-08-22 22:00:00,450.0,0.0,15.0,0.0,435.0,42,532,514
PUN-L2,PUN,2026-08-22,A,2026-08-22 06:00:00,450.0,0.0,25.0,0.0,425.0,38,587,572
PUN-L2,PUN,2026-08-22,B,2026-08-22 14:00:00,450.0,0.0,22.0,0.0,428.0,38,591,583
PUN-L2,PUN,2026-08-22,C,2026-08-22 22:00:00,450.0,0.0,21.0,0.0,429.0,38,612,603
CHN-L1,CHN,2026-08-22,A,2026-08-22 06:00:00,450.0,0.0,25.0,0.0,425.0,45,512,503
CHN-L1,CHN,2026-08-22,B,2026-08-22 14:00:00,450.0,0.0,11.0,0.0,439.0,45,511,504
CHN-L1,CHN,2026-08-22,C,2026-08-22 22:00:00,450.0,0.0,19.0,0.0,431.0,45,526,514
CHN-L2,CHN,2026-08-22,A,2026-08-22 06:00:00,450.0,0.0,16.0,0.0,434.0,40,598,585
CHN-L2,CHN,2026-08-22,B,2026-08-22 14:00:00,450.0,0.0,14.0,0.0,436.0,40,602,591
CHN-L2,CHN,2026-08-22,C,2026-08-22 22:00:00,450.0,0.0,15.0,0.0,435.0,40,562,549
PUN-L1,PUN,2026-08-23,A,2026-08-23 06:00:00,450.0,0.0,23.0,20.0,407.0,42,494,476
PUN-L1,PUN,2026-08-23,B,2026-08-23 14:00:00,450.0,0.0,9.0,0.0,441.0,42,518,499
PUN-L1,PUN,2026-08-23,C,2026-08-23 22:00:00,450.0,140.0,10.0,0.0,300.0,42,349,339
PUN-L2,PUN,2026-08-23,A,2026-08-23 06:00:00,450.0,0.0,9.0,0.0,441.0,38,632,617
PUN-L2,PUN,2026-08-23,B,2026-08-23 14:00:00,450.0,0.0,25.0,0.0,425.0,38,567,559
PUN-L2,PUN,2026-08-23,C,2026-08-23 22:00:00,450.0,0.0,8.0,0.0,442.0,38,641,636
CHN-L1,CHN,2026-08-23,A,2026-08-23 06:00:00,450.0,0.0,27.0,0.0,423.0,45,482,477
CHN-L1,CHN,2026-08-23,B,2026-08-23 14:00:00,450.0,0.0,25.0,0.0,425.0,45,488,477
CHN-L1,CHN,2026-08-23,C,2026-08-23 22:00:00,450.0,0.0,20.0,0.0,430.0,45,522,509
CHN-L2,CHN,2026-08-23,A,2026-08-23 06:00:00,450.0,0.0,6.0,0.0,444.0,40,595,591
CHN-L2,CHN,2026-08-23,B,2026-08-23 14:00:00,450.0,0.0,19.0,0.0,431.0,40,550,537
CHN-L2,CHN,2026-08-23,C,2026-08-23 22:00:00,450.0,0.0,19.0,0.0,431.0,40,578,572
PUN-L1,PUN,2026-08-24,A,2026-08-24 06:00:00,450.0,160.0,19.0,0.0,271.0,42,345,336
PUN-L1,PUN,2026-08-24,B,2026-08-24 14:00:00,450.0,0.0,15.0,0.0,435.0,42,521,508
PUN-L1,PUN,2026-08-24,C,2026-08-24 22:00:00,450.0,0.0,6.0,0.0,444.0,42,527,522
PUN-L2,PUN,2026-08-24,A,2026-08-24 06:00:00,450.0,0.0,6.0,0.0,444.0,38,590,572
PUN-L2,PUN,2026-08-24,B,2026-08-24 14:00:00,450.0,0.0,24.0,0.0,426.0,38,553,533
PUN-L2,PUN,2026-08-24,C,2026-08-24 22:00:00,450.0,0.0,24.0,0.0,426.0,38,565,549
CHN-L1,CHN,2026-08-24,A,2026-08-24 06:00:00,450.0,0.0,12.0,0.0,438.0,45,538,527
CHN-L1,CHN,2026-08-24,B,2026-08-24 14:00:00,450.0,0.0,21.0,0.0,429.0,45,514,508
CHN-L1,CHN,2026-08-24,C,2026-08-24 22:00:00,450.0,0.0,24.0,0.0,426.0,45,487,480
CHN-L2,CHN,2026-08-24,A,2026-08-24 06:00:00,450.0,0.0,10.0,20.0,420.0,40,535,525
CHN-L2,CHN,2026-08-24,B,2026-08-24 14:00:00,450.0,0.0,24.0,0.0,426.0,40,582,568
CHN-L2,CHN,2026-08-24,C,2026-08-24 22:00:00,450.0,0.0,12.0,0.0,438.0,40,557,553
PUN-L1,PUN,2026-08-25,A,2026-08-25 06:00:00,450.0,0.0,6.0,20.0,424.0,42,536,522
PUN-L1,PUN,2026-08-25,B,2026-08-25 14:00:00,450.0,0.0,8.0,0.0,442.0,42,533,528
PUN-L1,PUN,2026-08-25,C,2026-08-25 22:00:00,450.0,0.0,26.0,0.0,424.0,42,548,545
PUN-L2,PUN,2026-08-25,A,2026-08-25 06:00:00,450.0,0.0,19.0,20.0,411.0,38,537,523
PUN-L2,PUN,2026-08-25,B,2026-08-25 14:00:00,450.0,0.0,17.0,0.0,433.0,38,527,506
PUN-L2,PUN,2026-08-25,C,2026-08-25 22:00:00,450.0,0.0,14.0,0.0,436.0,38,545,525
CHN-L1,CHN,2026-08-25,A,2026-08-25 06:00:00,450.0,0.0,12.0,0.0,438.0,45,513,505
CHN-L1,CHN,2026-08-25,B,2026-08-25 14:00:00,450.0,0.0,22.0,0.0,428.0,45,490,481
CHN-L1,CHN,2026-08-25,C,2026-08-25 22:00:00,450.0,0.0,19.0,0.0,431.0,45,520,511
CHN-L2,CHN,2026-08-25,A,2026-08-25 06:00:00,450.0,0.0,13.0,0.0,437.0,40,579,564
CHN-L2,CHN,2026-08-25,B,2026-08-25 14:00:00,450.0,0.0,10.0,0.0,440.0,40,607,602
CHN-L2,CHN,2026-08-25,C,2026-08-25 22:00:00,450.0,0.0,6.0,0.0,444.0,40,609,605
PUN-L1,PUN,2026-08-26,A,2026-08-26 06:00:00,450.0,0.0,17.0,20.0,413.0,42,515,504
PUN-L1,PUN,2026-08-26,B,2026-08-26 14:00:00,450.0,0.0,14.0,0.0,436.0,42,550,538
PUN-L1,PUN,2026-08-26,C,2026-08-26 22:00:00,450.0,0.0,16.0,0.0,434.0,42,546,536
PUN-L2,PUN,2026-08-26,A,2026-08-26 06:00:00,450.0,0.0,18.0,0.0,432.0,38,544,529
PUN-L2,PUN,2026-08-26,B,2026-08-26 14:00:00,450.0,0.0,12.0,0.0,438.0,38,562,545
PUN-L2,PUN,2026-08-26,C,2026-08-26 22:00:00,450.0,0.0,12.0,0.0,438.0,38,586,565
CHN-L1,CHN,2026-08-26,A,2026-08-26 06:00:00,450.0,0.0,11.0,0.0,439.0,45,502,492
CHN-L1,CHN,2026-08-26,B,2026-08-26 14:00:00,450.0,0.0,7.0,0.0,443.0,45,485,477
CHN-L1,CHN,2026-08-26,C,2026-08-26 22:00:00,450.0,0.0,8.0,0.0,442.0,45,515,503
CHN-L2,CHN,2026-08-26,A,2026-08-26 06:00:00,450.0,0.0,24.0,20.0,406.0,40,529,518
CHN-L2,CHN,2026-08-26,B,2026-08-26 14:00:00,450.0,0.0,27.0,0.0,423.0,40,533,526
CHN-L2,CHN,2026-08-26,C,2026-08-26 22:00:00,450.0,0.0,6.0,0.0,444.0,40,551,545
PUN-L1,PUN,2026-08-27,A,2026-08-27 06:00:00,450.0,0.0,26.0,20.0,404.0,42,511,502
PUN-L1,PUN,2026-08-27,B,2026-08-27 14:00:00,450.0,0.0,12.0,0.0,438.0,42,567,560
PUN-L1,PUN,2026-08-27,C,2026-08-27 22:00:00,450.0,0.0,20.0,0.0,430.0,42,513,503
PUN-L2,PUN,2026-08-27,A,2026-08-27 06:00:00,450.0,0.0,26.0,0.0,424.0,38,509,489
PUN-L2,PUN,2026-08-27,B,2026-08-27 14:00:00,450.0,0.0,13.0,0.0,437.0,38,526,506
PUN-L2,PUN,2026-08-27,C,2026-08-27 22:00:00,450.0,0.0,16.0,0.0,434.0,38,529,518
CHN-L1,CHN,2026-08-27,A,2026-08-27 06:00:00,450.0,0.0,10.0,0.0,440.0,45,521,517
CHN-L1,CHN,2026-08-27,B,2026-08-27 14:00:00,450.0,0.0,23.0,0.0,427.0,45,444,426
CHN-L1,CHN,2026-08-27,C,2026-08-27 22:00:00,450.0,0.0,10.0,0.0,440.0,45,471,458
CHN-L2,CHN,2026-08-27,A,2026-08-27 06:00:00,450.0,0.0,9.0,20.0,421.0,40,532,520
CHN-L2,CHN,2026-08-27,B,2026-08-27 14:00:00,450.0,0.0,17.0,0.0,433.0,40,554,541
CHN-L2,CHN,2026-08-27,C,2026-08-27 22:00:00,450.0,0.0,17.0,0.0,433.0,40,585,576
PUN-L1,PUN,2026-08-28,A,2026-08-28 06:00:00,450.0,0.0,19.0,20.0,411.0,42,515,506
PUN-L1,PUN,2026-08-28,B,2026-08-28 14:00:00,450.0,0.0,14.0,0.0,436.0,42,536,523
PUN-L1,PUN,2026-08-28,C,2026-08-28 22:00:00,450.0,0.0,8.0,0.0,442.0,42,556,544
PUN-L2,PUN,2026-08-28,A,2026-08-28 06:00:00,450.0,0.0,23.0,0.0,427.0,38,520,504
PUN-L2,PUN,2026-08-28,B,2026-08-28 14:00:00,450.0,0.0,12.0,0.0,438.0,38,596,573
PUN-L2,PUN,2026-08-28,C,2026-08-28 22:00:00,450.0,450.0,26.0,0.0,0.0,38,0,0
CHN-L1,CHN,2026-08-28,A,2026-08-28 06:00:00,450.0,0.0,20.0,20.0,410.0,45,452,435
CHN-L1,CHN,2026-08-28,B,2026-08-28 14:00:00,450.0,0.0,17.0,0.0,433.0,45,466,451
CHN-L1,CHN,2026-08-28,C,2026-08-28 22:00:00,450.0,0.0,27.0,0.0,423.0,45,457,442
CHN-L2,CHN,2026-08-28,A,2026-08-28 06:00:00,450.0,0.0,23.0,0.0,427.0,40,576,569
CHN-L2,CHN,2026-08-28,B,2026-08-28 14:00:00,450.0,0.0,11.0,0.0,439.0,40,586,578
CHN-L2,CHN,2026-08-28,C,2026-08-28 22:00:00,450.0,0.0,25.0,0.0,425.0,40,570,566
PUN-L1,PUN,2026-08-29,A,2026-08-29 06:00:00,450.0,0.0,10.0,0.0,440.0,42,576,562
PUN-L1,PUN,2026-08-29,B,2026-08-29 14:00:00,450.0,0.0,17.0,0.0,433.0,42,530,522
PUN-L1,PUN,2026-08-29,C,2026-08-29 22:00:00,450.0,0.0,10.0,0.0,440.0,42,582,570
PUN-L2,PUN,2026-08-29,A,2026-08-29 06:00:00,450.0,370.0,7.0,0.0,73.0,38,97,95
PUN-L2,PUN,2026-08-29,B,2026-08-29 14:00:00,450.0,0.0,6.0,0.0,444.0,38,588,575
PUN-L2,PUN,2026-08-29,C,2026-08-29 22:00:00,450.0,0.0,22.0,0.0,428.0,38,585,578
CHN-L1,CHN,2026-08-29,A,2026-08-29 06:00:00,450.0,0.0,17.0,0.0,433.0,45,486,467
CHN-L1,CHN,2026-08-29,B,2026-08-29 14:00:00,450.0,0.0,9.0,0.0,441.0,45,458,446
CHN-L1,CHN,2026-08-29,C,2026-08-29 22:00:00,450.0,0.0,27.0,0.0,423.0,45,430,415
CHN-L2,CHN,2026-08-29,A,2026-08-29 06:00:00,450.0,0.0,17.0,0.0,433.0,40,551,540
CHN-L2,CHN,2026-08-29,B,2026-08-29 14:00:00,450.0,0.0,6.0,0.0,444.0,40,588,584
CHN-L2,CHN,2026-08-29,C,2026-08-29 22:00:00,450.0,0.0,19.0,0.0,431.0,40,552,539
PUN-L1,PUN,2026-08-30,A,2026-08-30 06:00:00,450.0,0.0,24.0,0.0,426.0,42,535,521
PUN-L1,PUN,2026-08-30,B,2026-08-30 14:00:00,450.0,0.0,15.0,0.0,435.0,42,560,548
PUN-L1,PUN,2026-08-30,C,2026-08-30 22:00:00,450.0,0.0,14.0,0.0,436.0,42,528,522
PUN-L2,PUN,2026-08-30,A,2026-08-30 06:00:00,450.0,0.0,17.0,0.0,433.0,38,601,591
PUN-L2,PUN,2026-08-30,B,2026-08-30 14:00:00,450.0,0.0,25.0,0.0,425.0,38,590,585
PUN-L2,PUN,2026-08-30,C,2026-08-30 22:00:00,450.0,0.0,15.0,0.0,435.0,38,593,586
CHN-L1,CHN,2026-08-30,A,2026-08-30 06:00:00,450.0,0.0,13.0,20.0,417.0,45,447,435
CHN-L1,CHN,2026-08-30,B,2026-08-30 14:00:00,450.0,0.0,9.0,0.0,441.0,45,498,479
CHN-L1,CHN,2026-08-30,C,2026-08-30 22:00:00,450.0,0.0,19.0,0.0,431.0,45,481,466
CHN-L2,CHN,2026-08-30,A,2026-08-30 06:00:00,450.0,0.0,13.0,0.0,437.0,40,514,502
CHN-L2,CHN,2026-08-30,B,2026-08-30 14:00:00,450.0,0.0,26.0,0.0,424.0,40,551,534
CHN-L2,CHN,2026-08-30,C,2026-08-30 22:00:00,450.0,0.0,10.0,0.0,440.0,40,570,557
PUN-L1,PUN,2026-08-31,A,2026-08-31 06:00:00,450.0,0.0,21.0,0.0,429.0,42,545,532
PUN-L1,PUN,2026-08-31,B,2026-08-31 14:00:00,450.0,0.0,18.0,0.0,432.0,42,572,562
PUN-L1,PUN,2026-08-31,C,2026-08-31 22:00:00,450.0,0.0,22.0,0.0,428.0,42,534,524
PUN-L2,PUN,2026-08-31,A,2026-08-31 06:00:00,450.0,0.0,26.0,0.0,424.0,38,593,589
PUN-L2,PUN,2026-08-31,B,2026-08-31 14:00:00,450.0,0.0,27.0,0.0,423.0,38,604,594
PUN-L2,PUN,2026-08-31,C,2026-08-31 22:00:00,450.0,0.0,12.0,0.0,438.0,38,605,590
CHN-L1,CHN,2026-08-31,A,2026-08-31 06:00:00,450.0,300.0,9.0,0.0,141.0,45,160,154
CHN-L1,CHN,2026-08-31,B,2026-08-31 14:00:00,450.0,90.0,25.0,0.0,335.0,45,380,373
CHN-L1,CHN,2026-08-31,C,2026-08-31 22:00:00,450.0,0.0,9.0,0.0,441.0,45,539,528
CHN-L2,CHN,2026-08-31,A,2026-08-31 06:00:00,450.0,0.0,7.0,0.0,443.0,40,539,519
CHN-L2,CHN,2026-08-31,B,2026-08-31 14:00:00,450.0,0.0,23.0,0.0,427.0,40,505,492
CHN-L2,CHN,2026-08-31,C,2026-08-31 22:00:00,450.0,0.0,11.0,0.0,439.0,40,551,535
PUN-L1,PUN,2026-09-01,A,2026-09-01 06:00:00,450.0,0.0,13.0,0.0,437.0,42,565,561
PUN-L1,PUN,2026-09-01,B,2026-09-01 14:00:00,450.0,0.0,22.0,0.0,428.0,42,548,541
PUN-L1,PUN,2026-09-01,C,2026-09-01 22:00:00,450.0,0.0,14.0,0.0,436.0,42,566,559
PUN-L2,PUN,2026-09-01,A,2026-09-01 06:00:00,450.0,0.0,15.0,0.0,435.0,38,581,569
PUN-L2,PUN,2026-09-01,B,2026-09-01 14:00:00,450.0,0.0,22.0,0.0,428.0,38,574,570
PUN-L2,PUN,2026-09-01,C,2026-09-01 22:00:00,450.0,0.0,15.0,0.0,435.0,38,630,621
CHN-L1,CHN,2026-09-01,A,2026-09-01 06:00:00,450.0,0.0,14.0,0.0,436.0,45,512,508
CHN-L1,CHN,2026-09-01,B,2026-09-01 14:00:00,450.0,0.0,21.0,0.0,429.0,45,479,474
CHN-L1,CHN,2026-09-01,C,2026-09-01 22:00:00,450.0,0.0,7.0,0.0,443.0,45,510,497
CHN-L2,CHN,2026-09-01,A,2026-09-01 06:00:00,450.0,0.0,12.0,0.0,438.0,40,523,507
CHN-L2,CHN,2026-09-01,B,2026-09-01 14:00:00,450.0,0.0,19.0,0.0,431.0,40,536,516
CHN-L2,CHN,2026-09-01,C,2026-09-01 22:00:00,450.0,0.0,11.0,0.0,439.0,40,568,548
PUN-L1,PUN,2026-09-02,A,2026-09-02 06:00:00,450.0,0.0,6.0,0.0,444.0,42,542,537
PUN-L1,PUN,2026-09-02,B,2026-09-02 14:00:00,450.0,0.0,25.0,0.0,425.0,42,514,508
PUN-L1,PUN,2026-09-02,C,2026-09-02 22:00:00,450.0,0.0,26.0,0.0,424.0,42,514,509
PUN-L2,PUN,2026-09-02,A,2026-09-02 06:00:00,450.0,0.0,8.0,20.0,422.0,38,562,554
PUN-L2,PUN,2026-09-02,B,2026-09-02 14:00:00,450.0,0.0,8.0,0.0,442.0,38,534,514
PUN-L2,PUN,2026-09-02,C,2026-09-02 22:00:00,450.0,0.0,11.0,0.0,439.0,38,571,548
CHN-L1,CHN,2026-09-02,A,2026-09-02 06:00:00,450.0,0.0,27.0,20.0,403.0,45,498,490
CHN-L1,CHN,2026-09-02,B,2026-09-02 14:00:00,450.0,0.0,26.0,0.0,424.0,45,477,465
CHN-L1,CHN,2026-09-02,C,2026-09-02 22:00:00,450.0,0.0,14.0,0.0,436.0,45,510,501
CHN-L2,CHN,2026-09-02,A,2026-09-02 06:00:00,450.0,0.0,27.0,0.0,423.0,40,536,516
CHN-L2,CHN,2026-09-02,B,2026-09-02 14:00:00,450.0,0.0,24.0,0.0,426.0,40,540,527
CHN-L2,CHN,2026-09-02,C,2026-09-02 22:00:00,450.0,0.0,25.0,0.0,425.0,40,554,533
PUN-L1,PUN,2026-09-03,A,2026-09-03 06:00:00,450.0,0.0,22.0,20.0,408.0,42,481,478
PUN-L1,PUN,2026-09-03,B,2026-09-03 14:00:00,450.0,0.0,19.0,0.0,431.0,42,541,531
PUN-L1,PUN,2026-09-03,C,2026-09-03 22:00:00,450.0,0.0,24.0,0.0,426.0,42,547,540
PUN-L2,PUN,2026-09-03,A,2026-09-03 06:00:00,450.0,0.0,11.0,0.0,439.0,38,534,518
PUN-L2,PUN,2026-09-03,B,2026-09-03 14:00:00,450.0,0.0,11.0,0.0,439.0,38,544,522
PUN-L2,PUN,2026-09-03,C,2026-09-03 22:00:00,450.0,0.0,16.0,0.0,434.0,38,557,545
CHN-L1,CHN,2026-09-03,A,2026-09-03 06:00:00,450.0,0.0,26.0,0.0,424.0,45,481,473
CHN-L1,CHN,2026-09-03,B,2026-09-03 14:00:00,450.0,0.0,21.0,0.0,429.0,45,469,460
CHN-L1,CHN,2026-09-03,C,2026-09-03 22:00:00,450.0,0.0,16.0,0.0,434.0,45,510,500
CHN-L2,CHN,2026-09-03,A,2026-09-03 06:00:00,450.0,0.0,17.0,0.0,433.0,40,532,513
CHN-L2,CHN,2026-09-03,B,2026-09-03 14:00:00,450.0,270.0,9.0,0.0,171.0,40,203,197
CHN-L2,CHN,2026-09-03,C,2026-09-03 22:00:00,450.0,450.0,6.0,0.0,0.0,40,0,0
PUN-L1,PUN,2026-09-04,A,2026-09-04 06:00:00,450.0,0.0,27.0,20.0,403.0,42,476,472
PUN-L1,PUN,2026-09-04,B,2026-09-04 14:00:00,450.0,0.0,22.0,0.0,428.0,42,537,528
PUN-L1,PUN,2026-09-04,C,2026-09-04 22:00:00,450.0,0.0,20.0,0.0,430.0,42,545,537
PUN-L2,PUN,2026-09-04,A,2026-09-04 06:00:00,450.0,0.0,26.0,0.0,424.0,38,571,552
PUN-L2,PUN,2026-09-04,B,2026-09-04 14:00:00,450.0,0.0,16.0,0.0,434.0,38,567,545
PUN-L2,PUN,2026-09-04,C,2026-09-04 22:00:00,450.0,0.0,8.0,0.0,442.0,38,562,541
CHN-L1,CHN,2026-09-04,A,2026-09-04 06:00:00,450.0,0.0,13.0,0.0,437.0,45,480,470
CHN-L1,CHN,2026-09-04,B,2026-09-04 14:00:00,450.0,0.0,8.0,0.0,442.0,45,498,494
CHN-L1,CHN,2026-09-04,C,2026-09-04 22:00:00,450.0,0.0,15.0,0.0,435.0,45,486,481
CHN-L2,CHN,2026-09-04,A,2026-09-04 06:00:00,450.0,330.0,27.0,0.0,93.0,40,128,126
CHN-L2,CHN,2026-09-04,B,2026-09-04 14:00:00,450.0,0.0,6.0,0.0,444.0,40,570,556
CHN-L2,CHN,2026-09-04,C,2026-09-04 22:00:00,450.0,0.0,13.0,0.0,437.0,40,555,551
PUN-L1,PUN,2026-09-05,A,2026-09-05 06:00:00,450.0,0.0,27.0,20.0,403.0,42,508,501
PUN-L1,PUN,2026-09-05,B,2026-09-05 14:00:00,450.0,0.0,27.0,0.0,423.0,42,548,539
PUN-L1,PUN,2026-09-05,C,2026-09-05 22:00:00,450.0,0.0,17.0,0.0,433.0,42,517,505
PUN-L2,PUN,2026-09-05,A,2026-09-05 06:00:00,450.0,0.0,25.0,0.0,425.0,38,544,527
PUN-L2,PUN,2026-09-05,B,2026-09-05 14:00:00,450.0,0.0,9.0,0.0,441.0,38,565,546
PUN-L2,PUN,2026-09-05,C,2026-09-05 22:00:00,450.0,0.0,7.0,0.0,443.0,38,587,575
CHN-L1,CHN,2026-09-05,A,2026-09-05 06:00:00,450.0,0.0,11.0,0.0,439.0,45,483,475
CHN-L1,CHN,2026-09-05,B,2026-09-05 14:00:00,450.0,0.0,11.0,0.0,439.0,45,473,461
CHN-L1,CHN,2026-09-05,C,2026-09-05 22:00:00,450.0,0.0,12.0,0.0,438.0,45,456,444
CHN-L2,CHN,2026-09-05,A,2026-09-05 06:00:00,450.0,0.0,15.0,20.0,415.0,40,573,568
CHN-L2,CHN,2026-09-05,B,2026-09-05 14:00:00,450.0,0.0,10.0,0.0,440.0,40,552,542
CHN-L2,CHN,2026-09-05,C,2026-09-05 22:00:00,450.0,0.0,13.0,0.0,437.0,40,553,547
PUN-L1,PUN,2026-09-06,A,2026-09-06 06:00:00,450.0,0.0,13.0,20.0,417.0,42,532,525
PUN-L1,PUN,2026-09-06,B,2026-09-06 14:00:00,450.0,0.0,26.0,0.0,424.0,42,502,497
PUN-L1,PUN,2026-09-06,C,2026-09-06 22:00:00,450.0,0.0,24.0,0.0,426.0,42,538,525
PUN-L2,PUN,2026-09-06,A,2026-09-06 06:00:00,450.0,0.0,26.0,0.0,424.0,38,552,539
PUN-L2,PUN,2026-09-06,B,2026-09-06 14:00:00,450.0,0.0,22.0,0.0,428.0,38,587,568
PUN-L2,PUN,2026-09-06,C,2026-09-06 22:00:00,450.0,0.0,25.0,0.0,425.0,38,567,544
CHN-L1,CHN,2026-09-06,A,2026-09-06 06:00:00,450.0,0.0,20.0,0.0,430.0,45,457,444
CHN-L1,CHN,2026-09-06,B,2026-09-06 14:00:00,450.0,0.0,22.0,0.0,428.0,45,487,473
CHN-L1,CHN,2026-09-06,C,2026-09-06 22:00:00,450.0,0.0,23.0,0.0,427.0,45,481,469
CHN-L2,CHN,2026-09-06,A,2026-09-06 06:00:00,450.0,0.0,6.0,20.0,424.0,40,589,581
CHN-L2,CHN,2026-09-06,B,2026-09-06 14:00:00,450.0,0.0,14.0,0.0,436.0,40,572,565
CHN-L2,CHN,2026-09-06,C,2026-09-06 22:00:00,450.0,0.0,9.0,0.0,441.0,40,609,604
PUN-L1,PUN,2026-09-07,A,2026-09-07 06:00:00,450.0,0.0,12.0,20.0,418.0,42,508,502
PUN-L1,PUN,2026-09-07,B,2026-09-07 14:00:00,450.0,0.0,18.0,0.0,432.0,42,572,560
PUN-L1,PUN,2026-09-07,C,2026-09-07 22:00:00,450.0,0.0,21.0,0.0,429.0,42,467,454
PUN-L2,PUN,2026-09-07,A,2026-09-07 06:00:00,450.0,130.0,21.0,20.0,279.0,38,378,367
PUN-L2,PUN,2026-09-07,B,2026-09-07 14:00:00,450.0,110.0,27.0,0.0,313.0,38,439,436
PUN-L2,PUN,2026-09-07,C,2026-09-07 22:00:00,450.0,0.0,7.0,0.0,443.0,38,622,609
CHN-L1,CHN,2026-09-07,A,2026-09-07 06:00:00,450.0,0.0,13.0,0.0,437.0,45,484,472
CHN-L1,CHN,2026-09-07,B,2026-09-07 14:00:00,450.0,0.0,22.0,0.0,428.0,45,450,438
CHN-L1,CHN,2026-09-07,C,2026-09-07 22:00:00,450.0,0.0,10.0,0.0,440.0,45,480,464
CHN-L2,CHN,2026-09-07,A,2026-09-07 06:00:00,450.0,0.0,12.0,0.0,438.0,40,592,578
CHN-L2,CHN,2026-09-07,B,2026-09-07 14:00:00,450.0,0.0,26.0,0.0,424.0,40,574,565
CHN-L2,CHN,2026-09-07,C,2026-09-07 22:00:00,450.0,0.0,25.0,0.0,425.0,40,529,522
PUN-L1,PUN,2026-09-08,A,2026-09-08 06:00:00,450.0,0.0,8.0,20.0,422.0,42,484,465
PUN-L1,PUN,2026-09-08,B,2026-09-08 14:00:00,450.0,0.0,23.0,0.0,427.0,42,473,461
PUN-L1,PUN,2026-09-08,C,2026-09-08 22:00:00,450.0,0.0,21.0,0.0,429.0,42,530,509
PUN-L2,PUN,2026-09-08,A,2026-09-08 06:00:00,450.0,0.0,10.0,0.0,440.0,38,620,605
PUN-L2,PUN,2026-09-08,B,2026-09-08 14:00:00,450.0,0.0,27.0,0.0,423.0,38,598,591
PUN-L2,PUN,2026-09-08,C,2026-09-08 22:00:00,450.0,0.0,27.0,0.0,423.0,38,572,563
CHN-L1,CHN,2026-09-08,A,2026-09-08 06:00:00,450.0,0.0,9.0,0.0,441.0,45,471,456
CHN-L1,CHN,2026-09-08,B,2026-09-08 14:00:00,450.0,0.0,20.0,0.0,430.0,45,454,437
CHN-L1,CHN,2026-09-08,C,2026-09-08 22:00:00,450.0,0.0,19.0,0.0,431.0,45,441,424
CHN-L2,CHN,2026-09-08,A,2026-09-08 06:00:00,450.0,0.0,15.0,0.0,435.0,40,606,594
CHN-L2,CHN,2026-09-08,B,2026-09-08 14:00:00,450.0,0.0,23.0,0.0,427.0,40,582,569
CHN-L2,CHN,2026-09-08,C,2026-09-08 22:00:00,450.0,0.0,25.0,0.0,425.0,40,544,532
PUN-L1,PUN,2026-09-09,A,2026-09-09 06:00:00,450.0,0.0,19.0,0.0,431.0,42,512,494
PUN-L1,PUN,2026-09-09,B,2026-09-09 14:00:00,450.0,0.0,27.0,0.0,423.0,42,512,491
PUN-L1,PUN,2026-09-09,C,2026-09-09 22:00:00,450.0,0.0,24.0,0.0,426.0,42,501,486
PUN-L2,PUN,2026-09-09,A,2026-09-09 06:00:00,450.0,0.0,27.0,20.0,403.0,38,541,530
PUN-L2,PUN,2026-09-09,B,2026-09-09 14:00:00,450.0,0.0,24.0,0.0,426.0,38,559,555
PUN-L2,PUN,2026-09-09,C,2026-09-09 22:00:00,450.0,0.0,11.0,0.0,439.0,38,580,573
CHN-L1,CHN,2026-09-09,A,2026-09-09 06:00:00,450.0,0.0,24.0,20.0,406.0,45,421,411
CHN-L1,CHN,2026-09-09,B,2026-09-09 14:00:00,450.0,0.0,18.0,0.0,432.0,45,469,453
CHN-L1,CHN,2026-09-09,C,2026-09-09 22:00:00,450.0,0.0,23.0,0.0,427.0,45,439,424
CHN-L2,CHN,2026-09-09,A,2026-09-09 06:00:00,450.0,0.0,16.0,20.0,414.0,40,535,528
CHN-L2,CHN,2026-09-09,B,2026-09-09 14:00:00,450.0,0.0,23.0,0.0,427.0,40,540,534
CHN-L2,CHN,2026-09-09,C,2026-09-09 22:00:00,450.0,0.0,11.0,0.0,439.0,40,602,589
PUN-L1,PUN,2026-09-10,A,2026-09-10 06:00:00,450.0,0.0,9.0,20.0,421.0,42,503,490
PUN-L1,PUN,2026-09-10,B,2026-09-10 14:00:00,450.0,0.0,8.0,0.0,442.0,42,497,486
PUN-L1,PUN,2026-09-10,C,2026-09-10 22:00:00,450.0,0.0,15.0,0.0,435.0,42,476,463
PUN-L2,PUN,2026-09-10,A,2026-09-10 06:00:00,450.0,0.0,16.0,0.0,434.0,38,610,596
PUN-L2,PUN,2026-09-10,B,2026-09-10 14:00:00,450.0,0.0,20.0,0.0,430.0,38,583,577
PUN-L2,PUN,2026-09-10,C,2026-09-10 22:00:00,450.0,0.0,24.0,0.0,426.0,38,581,569
CHN-L1,CHN,2026-09-10,A,2026-09-10 06:00:00,450.0,0.0,27.0,20.0,403.0,45,421,407
CHN-L1,CHN,2026-09-10,B,2026-09-10 14:00:00,450.0,0.0,18.0,0.0,432.0,45,456,438
CHN-L1,CHN,2026-09-10,C,2026-09-10 22:00:00,450.0,0.0,12.0,0.0,438.0,45,468,453
CHN-L2,CHN,2026-09-10,A,2026-09-10 06:00:00,450.0,0.0,7.0,0.0,443.0,40,556,543
CHN-L2,CHN,2026-09-10,B,2026-09-10 14:00:00,450.0,0.0,16.0,0.0,434.0,40,547,542
CHN-L2,CHN,2026-09-10,C,2026-09-10 22:00:00,450.0,0.0,11.0,0.0,439.0,40,589,576
PUN-L1,PUN,2026-09-11,A,2026-09-11 06:00:00,450.0,0.0,12.0,0.0,438.0,42,520,506
PUN-L1,PUN,2026-09-11,B,2026-09-11 14:00:00,450.0,0.0,27.0,0.0,423.0,42,518,504
PUN-L1,PUN,2026-09-11,C,2026-09-11 22:00:00,450.0,0.0,22.0,0.0,428.0,42,468,456
PUN-L2,PUN,2026-09-11,A,2026-09-11 06:00:00,450.0,0.0,24.0,20.0,406.0,38,563,557
PUN-L2,PUN,2026-09-11,B,2026-09-11 14:00:00,450.0,0.0,10.0,0.0,440.0,38,618,608
PUN-L2,PUN,2026-09-11,C,2026-09-11 22:00:00,450.0,0.0,18.0,0.0,432.0,38,603,594
CHN-L1,CHN,2026-09-11,A,2026-09-11 06:00:00,450.0,450.0,15.0,0.0,0.0,45,0,0
CHN-L1,CHN,2026-09-11,B,2026-09-11 14:00:00,450.0,210.0,27.0,0.0,213.0,45,234,230
CHN-L1,CHN,2026-09-11,C,2026-09-11 22:00:00,450.0,0.0,17.0,0.0,433.0,45,515,504
CHN-L2,CHN,2026-09-11,A,2026-09-11 06:00:00,450.0,0.0,11.0,20.0,419.0,40,519,515
CHN-L2,CHN,2026-09-11,B,2026-09-11 14:00:00,450.0,0.0,24.0,0.0,426.0,40,564,557
CHN-L2,CHN,2026-09-11,C,2026-09-11 22:00:00,450.0,0.0,11.0,0.0,439.0,40,569,560
PUN-L1,PUN,2026-09-12,A,2026-09-12 06:00:00,450.0,0.0,15.0,20.0,415.0,42,502,482
PUN-L1,PUN,2026-09-12,B,2026-09-12 14:00:00,450.0,0.0,8.0,0.0,442.0,42,484,472
PUN-L1,PUN,2026-09-12,C,2026-09-12 22:00:00,450.0,0.0,22.0,0.0,428.0,42,490,479
PUN-L2,PUN,2026-09-12,A,2026-09-12 06:00:00,450.0,0.0,22.0,0.0,428.0,38,556,549
PUN-L2,PUN,2026-09-12,B,2026-09-12 14:00:00,450.0,0.0,18.0,0.0,432.0,38,579,575
PUN-L2,PUN,2026-09-12,C,2026-09-12 22:00:00,450.0,0.0,18.0,0.0,432.0,38,628,621
CHN-L1,CHN,2026-09-12,A,2026-09-12 06:00:00,450.0,0.0,25.0,0.0,425.0,45,506,493
CHN-L1,CHN,2026-09-12,B,2026-09-12 14:00:00,450.0,0.0,22.0,0.0,428.0,45,480,477
CHN-L1,CHN,2026-09-12,C,2026-09-12 22:00:00,450.0,0.0,16.0,0.0,434.0,45,536,533
CHN-L2,CHN,2026-09-12,A,2026-09-12 06:00:00,450.0,0.0,18.0,0.0,432.0,40,586,576
CHN-L2,CHN,2026-09-12,B,2026-09-12 14:00:00,450.0,0.0,11.0,0.0,439.0,40,562,548
CHN-L2,CHN,2026-09-12,C,2026-09-12 22:00:00,450.0,0.0,8.0,0.0,442.0,40,565,557
PUN-L1,PUN,2026-09-13,A,2026-09-13 06:00:00,450.0,0.0,21.0,0.0,429.0,42,521,508
PUN-L1,PUN,2026-09-13,B,2026-09-13 14:00:00,450.0,0.0,10.0,0.0,440.0,42,479,461
PUN-L1,PUN,2026-09-13,C,2026-09-13 22:00:00,450.0,0.0,18.0,0.0,432.0,42,535,522
PUN-L2,PUN,2026-09-13,A,2026-09-13 06:00:00,450.0,0.0,16.0,0.0,434.0,38,591,580
PUN-L2,PUN,2026-09-13,B,2026-09-13 14:00:00,450.0,0.0,9.0,0.0,441.0,38,612,599
PUN-L2,PUN,2026-09-13,C,2026-09-13 22:00:00,450.0,0.0,25.0,0.0,425.0,38,559,548
CHN-L1,CHN,2026-09-13,A,2026-09-13 06:00:00,450.0,0.0,10.0,20.0,420.0,45,476,473
CHN-L1,CHN,2026-09-13,B,2026-09-13 14:00:00,450.0,0.0,6.0,0.0,444.0,45,512,507
CHN-L1,CHN,2026-09-13,C,2026-09-13 22:00:00,450.0,0.0,14.0,0.0,436.0,45,510,501
CHN-L2,CHN,2026-09-13,A,2026-09-13 06:00:00,450.0,0.0,6.0,0.0,444.0,40,573,554
CHN-L2,CHN,2026-09-13,B,2026-09-13 14:00:00,450.0,0.0,11.0,0.0,439.0,40,532,517
CHN-L2,CHN,2026-09-13,C,2026-09-13 22:00:00,450.0,0.0,10.0,0.0,440.0,40,553,538
PUN-L1,PUN,2026-09-14,A,2026-09-14 06:00:00,450.0,0.0,7.0,0.0,443.0,42,505,494
PUN-L1,PUN,2026-09-14,B,2026-09-14 14:00:00,450.0,420.0,20.0,0.0,10.0,42,10,9
PUN-L1,PUN,2026-09-14,C,2026-09-14 22:00:00,450.0,450.0,26.0,0.0,0.0,42,0,0
PUN-L2,PUN,2026-09-14,A,2026-09-14 06:00:00,450.0,0.0,13.0,0.0,437.0,38,636,628
PUN-L2,PUN,2026-09-14,B,2026-09-14 14:00:00,450.0,0.0,9.0,0.0,441.0,38,633,628
PUN-L2,PUN,2026-09-14,C,2026-09-14 22:00:00,450.0,0.0,26.0,0.0,424.0,38,616,608
CHN-L1,CHN,2026-09-14,A,2026-09-14 06:00:00,450.0,0.0,20.0,0.0,430.0,45,506,498
CHN-L1,CHN,2026-09-14,B,2026-09-14 14:00:00,450.0,0.0,22.0,0.0,428.0,45,515,503
CHN-L1,CHN,2026-09-14,C,2026-09-14 22:00:00,450.0,0.0,19.0,0.0,431.0,45,524,511
CHN-L2,CHN,2026-09-14,A,2026-09-14 06:00:00,450.0,0.0,22.0,0.0,428.0,40,533,518
CHN-L2,CHN,2026-09-14,B,2026-09-14 14:00:00,450.0,0.0,16.0,0.0,434.0,40,506,487
CHN-L2,CHN,2026-09-14,C,2026-09-14 22:00:00,450.0,0.0,21.0,0.0,429.0,40,505,493
PUN-L1,PUN,2026-09-15,A,2026-09-15 06:00:00,450.0,60.0,19.0,0.0,371.0,42,442,433
PUN-L1,PUN,2026-09-15,B,2026-09-15 14:00:00,450.0,0.0,10.0,0.0,440.0,42,535,530
PUN-L1,PUN,2026-09-15,C,2026-09-15 22:00:00,450.0,0.0,16.0,0.0,434.0,42,534,525
PUN-L2,PUN,2026-09-15,A,2026-09-15 06:00:00,450.0,0.0,25.0,0.0,425.0,38,585,574
PUN-L2,PUN,2026-09-15,B,2026-09-15 14:00:00,450.0,0.0,19.0,0.0,431.0,38,558,545
PUN-L2,PUN,2026-09-15,C,2026-09-15 22:00:00,450.0,0.0,17.0,0.0,433.0,38,547,532
CHN-L1,CHN,2026-09-15,A,2026-09-15 06:00:00,450.0,0.0,16.0,0.0,434.0,45,480,477
CHN-L1,CHN,2026-09-15,B,2026-09-15 14:00:00,450.0,0.0,8.0,0.0,442.0,45,489,486
CHN-L1,CHN,2026-09-15,C,2026-09-15 22:00:00,450.0,0.0,23.0,0.0,427.0,45,471,468
CHN-L2,CHN,2026-09-15,A,2026-09-15 06:00:00,450.0,0.0,8.0,0.0,442.0,40,508,492
CHN-L2,CHN,2026-09-15,B,2026-09-15 14:00:00,450.0,0.0,21.0,0.0,429.0,40,489,477
CHN-L2,CHN,2026-09-15,C,2026-09-15 22:00:00,450.0,0.0,12.0,0.0,438.0,40,525,513
PUN-L1,PUN,2026-09-16,A,2026-09-16 06:00:00,450.0,0.0,6.0,0.0,444.0,42,543,532
PUN-L1,PUN,2026-09-16,B,2026-09-16 14:00:00,450.0,0.0,13.0,0.0,437.0,42,520,515
PUN-L1,PUN,2026-09-16,C,2026-09-16 22:00:00,450.0,0.0,19.0,0.0,431.0,42,557,546
PUN-L2,PUN,2026-09-16,A,2026-09-16 06:00:00,450.0,0.0,21.0,0.0,429.0,38,534,515
PUN-L2,PUN,2026-09-16,B,2026-09-16 14:00:00,450.0,0.0,20.0,0.0,430.0,38,564,549
PUN-L2,PUN,2026-09-16,C,2026-09-16 22:00:00,450.0,0.0,27.0,0.0,423.0,38,574,554
CHN-L1,CHN,2026-09-16,A,2026-09-16 06:00:00,450.0,0.0,9.0,0.0,441.0,45,527,519
CHN-L1,CHN,2026-09-16,B,2026-09-16 14:00:00,450.0,0.0,20.0,0.0,430.0,45,522,516
CHN-L1,CHN,2026-09-16,C,2026-09-16 22:00:00,450.0,0.0,13.0,0.0,437.0,45,503,494
CHN-L2,CHN,2026-09-16,A,2026-09-16 06:00:00,450.0,0.0,26.0,0.0,424.0,40,497,480
CHN-L2,CHN,2026-09-16,B,2026-09-16 14:00:00,450.0,0.0,26.0,0.0,424.0,40,548,536
CHN-L2,CHN,2026-09-16,C,2026-09-16 22:00:00,450.0,220.0,9.0,0.0,221.0,40,283,275
PUN-L1,PUN,2026-09-17,A,2026-09-17 06:00:00,450.0,0.0,8.0,20.0,422.0,42,535,531
PUN-L1,PUN,2026-09-17,B,2026-09-17 14:00:00,450.0,0.0,25.0,0.0,425.0,42,513,503
PUN-L1,PUN,2026-09-17,C,2026-09-17 22:00:00,450.0,0.0,10.0,0.0,440.0,42,562,550
PUN-L2,PUN,2026-09-17,A,2026-09-17 06:00:00,450.0,0.0,23.0,20.0,407.0,38,533,520
PUN-L2,PUN,2026-09-17,B,2026-09-17 14:00:00,450.0,0.0,13.0,0.0,437.0,38,562,548
PUN-L2,PUN,2026-09-17,C,2026-09-17 22:00:00,450.0,0.0,9.0,0.0,441.0,38,543,529
CHN-L1,CHN,2026-09-17,A,2026-09-17 06:00:00,450.0,0.0,13.0,0.0,437.0,45,498,486
CHN-L1,CHN,2026-09-17,B,2026-09-17 14:00:00,450.0,0.0,21.0,0.0,429.0,45,480,472
CHN-L1,CHN,2026-09-17,C,2026-09-17 22:00:00,450.0,0.0,25.0,0.0,425.0,45,501,490
CHN-L2,CHN,2026-09-17,A,2026-09-17 06:00:00,450.0,50.0,17.0,0.0,383.0,40,529,519
CHN-L2,CHN,2026-09-17,B,2026-09-17 14:00:00,450.0,0.0,12.0,0.0,438.0,40,609,595
CHN-L2,CHN,2026-09-17,C,2026-09-17 22:00:00,450.0,0.0,21.0,0.0,429.0,40,593,580
PUN-L1,PUN,2026-09-18,A,2026-09-18 06:00:00,450.0,0.0,10.0,0.0,440.0,42,515,509
PUN-L1,PUN,2026-09-18,B,2026-09-18 14:00:00,450.0,0.0,23.0,0.0,427.0,42,538,526
PUN-L1,PUN,2026-09-18,C,2026-09-18 22:00:00,450.0,0.0,23.0,0.0,427.0,42,516,505
PUN-L2,PUN,2026-09-18,A,2026-09-18 06:00:00,450.0,0.0,18.0,0.0,432.0,38,553,533
PUN-L2,PUN,2026-09-18,B,2026-09-18 14:00:00,450.0,0.0,18.0,0.0,432.0,38,519,508
PUN-L2,PUN,2026-09-18,C,2026-09-18 22:00:00,450.0,0.0,18.0,0.0,432.0,38,574,559
CHN-L1,CHN,2026-09-18,A,2026-09-18 06:00:00,450.0,0.0,25.0,0.0,425.0,45,487,477
CHN-L1,CHN,2026-09-18,B,2026-09-18 14:00:00,450.0,0.0,18.0,0.0,432.0,45,516,510
CHN-L1,CHN,2026-09-18,C,2026-09-18 22:00:00,450.0,0.0,19.0,0.0,431.0,45,484,477
CHN-L2,CHN,2026-09-18,A,2026-09-18 06:00:00,450.0,0.0,19.0,0.0,431.0,40,568,558
CHN-L2,CHN,2026-09-18,B,2026-09-18 14:00:00,450.0,0.0,20.0,0.0,430.0,40,589,585
CHN-L2,CHN,2026-09-18,C,2026-09-18 22:00:00,450.0,0.0,12.0,0.0,438.0,40,588,578
PUN-L1,PUN,2026-09-19,A,2026-09-19 06:00:00,450.0,0.0,20.0,0.0,430.0,42,563,550
PUN-L1,PUN,2026-09-19,B,2026-09-19 14:00:00,450.0,0.0,14.0,0.0,436.0,42,572,561
PUN-L1,PUN,2026-09-19,C,2026-09-19 22:00:00,450.0,0.0,25.0,0.0,425.0,42,538,525
PUN-L2,PUN,2026-09-19,A,2026-09-19 06:00:00,450.0,0.0,9.0,20.0,421.0,38,512,492
PUN-L2,PUN,2026-09-19,B,2026-09-19 14:00:00,450.0,0.0,24.0,0.0,426.0,38,563,550
PUN-L2,PUN,2026-09-19,C,2026-09-19 22:00:00,450.0,0.0,11.0,0.0,439.0,38,549,535
CHN-L1,CHN,2026-09-19,A,2026-09-19 06:00:00,450.0,0.0,6.0,0.0,444.0,45,506,502
CHN-L1,CHN,2026-09-19,B,2026-09-19 14:00:00,450.0,0.0,13.0,0.0,437.0,45,478,475
CHN-L1,CHN,2026-09-19,C,2026-09-19 22:00:00,450.0,0.0,11.0,0.0,439.0,45,491,488
CHN-L2,CHN,2026-09-19,A,2026-09-19 06:00:00,450.0,0.0,15.0,20.0,415.0,40,573,565
CHN-L2,CHN,2026-09-19,B,2026-09-19 14:00:00,450.0,0.0,27.0,0.0,423.0,40,534,529
CHN-L2,CHN,2026-09-19,C,2026-09-19 22:00:00,450.0,0.0,12.0,0.0,438.0,40,603,589
PUN-L1,PUN,2026-09-20,A,2026-09-20 06:00:00,450.0,0.0,19.0,0.0,431.0,42,538,527
PUN-L1,PUN,2026-09-20,B,2026-09-20 14:00:00,450.0,0.0,16.0,0.0,434.0,42,513,502
PUN-L1,PUN,2026-09-20,C,2026-09-20 22:00:00,450.0,0.0,17.0,0.0,433.0,42,571,563
PUN-L2,PUN,2026-09-20,A,2026-09-20 06:00:00,450.0,0.0,7.0,0.0,443.0,38,584,565
PUN-L2,PUN,2026-09-20,B,2026-09-20 14:00:00,450.0,0.0,15.0,0.0,435.0,38,567,548
PUN-L2,PUN,2026-09-20,C,2026-09-20 22:00:00,450.0,0.0,8.0,0.0,442.0,38,592,573
CHN-L1,CHN,2026-09-20,A,2026-09-20 06:00:00,450.0,0.0,18.0,0.0,432.0,45,522,513
CHN-L1,CHN,2026-09-20,B,2026-09-20 14:00:00,450.0,0.0,9.0,0.0,441.0,45,479,465
CHN-L1,CHN,2026-09-20,C,2026-09-20 22:00:00,450.0,0.0,13.0,0.0,437.0,45,462,452
CHN-L2,CHN,2026-09-20,A,2026-09-20 06:00:00,450.0,0.0,9.0,20.0,421.0,40,578,564
CHN-L2,CHN,2026-09-20,B,2026-09-20 14:00:00,450.0,0.0,14.0,0.0,436.0,40,598,583
CHN-L2,CHN,2026-09-20,C,2026-09-20 22:00:00,450.0,0.0,11.0,0.0,439.0,40,558,544
PUN-L1,PUN,2026-09-21,A,2026-09-21 06:00:00,450.0,0.0,8.0,0.0,442.0,42,537,527
PUN-L1,PUN,2026-09-21,B,2026-09-21 14:00:00,450.0,0.0,17.0,0.0,433.0,42,549,539
PUN-L1,PUN,2026-09-21,C,2026-09-21 22:00:00,450.0,0.0,8.0,0.0,442.0,42,576,564
PUN-L2,PUN,2026-09-21,A,2026-09-21 06:00:00,450.0,0.0,13.0,0.0,437.0,38,592,572
PUN-L2,PUN,2026-09-21,B,2026-09-21 14:00:00,450.0,140.0,14.0,0.0,296.0,38,396,385
PUN-L2,PUN,2026-09-21,C,2026-09-21 22:00:00,450.0,450.0,12.0,0.0,0.0,38,0,0
CHN-L1,CHN,2026-09-21,A,2026-09-21 06:00:00,450.0,0.0,18.0,0.0,432.0,45,438,423
CHN-L1,CHN,2026-09-21,B,2026-09-21 14:00:00,450.0,0.0,26.0,0.0,424.0,45,448,436
CHN-L1,CHN,2026-09-21,C,2026-09-21 22:00:00,450.0,0.0,13.0,0.0,437.0,45,495,485
CHN-L2,CHN,2026-09-21,A,2026-09-21 06:00:00,450.0,0.0,22.0,0.0,428.0,40,561,548
CHN-L2,CHN,2026-09-21,B,2026-09-21 14:00:00,450.0,0.0,16.0,0.0,434.0,40,590,582
CHN-L2,CHN,2026-09-21,C,2026-09-21 22:00:00,450.0,0.0,20.0,0.0,430.0,40,578,563
PUN-L1,PUN,2026-09-22,A,2026-09-22 06:00:00,450.0,0.0,18.0,20.0,412.0,42,522,512
PUN-L1,PUN,2026-09-22,B,2026-09-22 14:00:00,450.0,0.0,25.0,0.0,425.0,42,507,496
PUN-L1,PUN,2026-09-22,C,2026-09-22 22:00:00,450.0,0.0,24.0,0.0,426.0,42,559,553
PUN-L2,PUN,2026-09-22,A,2026-09-22 06:00:00,450.0,100.0,27.0,0.0,323.0,38,451,447
PUN-L2,PUN,2026-09-22,B,2026-09-22 14:00:00,450.0,0.0,11.0,0.0,439.0,38,616,605
PUN-L2,PUN,2026-09-22,C,2026-09-22 22:00:00,450.0,0.0,12.0,0.0,438.0,38,571,563
CHN-L1,CHN,2026-09-22,A,2026-09-22 06:00:00,450.0,0.0,9.0,0.0,441.0,45,482,470
CHN-L1,CHN,2026-09-22,B,2026-09-22 14:00:00,450.0,0.0,12.0,0.0,438.0,45,446,432
CHN-L1,CHN,2026-09-22,C,2026-09-22 22:00:00,450.0,0.0,22.0,0.0,428.0,45,477,464
CHN-L2,CHN,2026-09-22,A,2026-09-22 06:00:00,450.0,0.0,16.0,0.0,434.0,40,594,586
CHN-L2,CHN,2026-09-22,B,2026-09-22 14:00:00,450.0,0.0,11.0,0.0,439.0,40,599,592
CHN-L2,CHN,2026-09-22,C,2026-09-22 22:00:00,450.0,0.0,20.0,0.0,430.0,40,538,534
PUN-L1,PUN,2026-09-23,A,2026-09-23 06:00:00,450.0,0.0,16.0,0.0,434.0,42,540,527
PUN-L1,PUN,2026-09-23,B,2026-09-23 14:00:00,450.0,0.0,19.0,0.0,431.0,42,554,550
PUN-L1,PUN,2026-09-23,C,2026-09-23 22:00:00,450.0,0.0,16.0,0.0,434.0,42,535,522
PUN-L2,PUN,2026-09-23,A,2026-09-23 06:00:00,450.0,0.0,24.0,20.0,406.0,38,557,551
PUN-L2,PUN,2026-09-23,B,2026-09-23 14:00:00,450.0,0.0,27.0,0.0,423.0,38,589,581
PUN-L2,PUN,2026-09-23,C,2026-09-23 22:00:00,450.0,0.0,20.0,0.0,430.0,38,592,583
CHN-L1,CHN,2026-09-23,A,2026-09-23 06:00:00,450.0,0.0,18.0,20.0,412.0,45,432,416
CHN-L1,CHN,2026-09-23,B,2026-09-23 14:00:00,450.0,0.0,27.0,0.0,423.0,45,430,413
CHN-L1,CHN,2026-09-23,C,2026-09-23 22:00:00,450.0,0.0,25.0,0.0,425.0,45,442,426
CHN-L2,CHN,2026-09-23,A,2026-09-23 06:00:00,450.0,0.0,25.0,0.0,425.0,40,588,576
CHN-L2,CHN,2026-09-23,B,2026-09-23 14:00:00,450.0,0.0,23.0,0.0,427.0,40,537,525
CHN-L2,CHN,2026-09-23,C,2026-09-23 22:00:00,450.0,0.0,6.0,0.0,444.0,40,556,545
PUN-L1,PUN,2026-09-24,A,2026-09-24 06:00:00,450.0,0.0,12.0,20.0,418.0,42,549,541
PUN-L1,PUN,2026-09-24,B,2026-09-24 14:00:00,450.0,0.0,13.0,0.0,437.0,42,477,466
PUN-L1,PUN,2026-09-24,C,2026-09-24 22:00:00,450.0,0.0,6.0,0.0,444.0,42,508,491
PUN-L2,PUN,2026-09-24,A,2026-09-24 06:00:00,450.0,0.0,24.0,20.0,406.0,38,580,567
PUN-L2,PUN,2026-09-24,B,2026-09-24 14:00:00,450.0,0.0,9.0,0.0,441.0,38,643,639
PUN-L2,PUN,2026-09-24,C,2026-09-24 22:00:00,450.0,0.0,10.0,0.0,440.0,38,622,607
CHN-L1,CHN,2026-09-24,A,2026-09-24 06:00:00,450.0,0.0,11.0,20.0,419.0,45,458,443
CHN-L1,CHN,2026-09-24,B,2026-09-24 14:00:00,450.0,0.0,17.0,0.0,433.0,45,458,439
CHN-L1,CHN,2026-09-24,C,2026-09-24 22:00:00,450.0,0.0,10.0,0.0,440.0,45,474,461
CHN-L2,CHN,2026-09-24,A,2026-09-24 06:00:00,450.0,0.0,11.0,20.0,419.0,40,578,568
CHN-L2,CHN,2026-09-24,B,2026-09-24 14:00:00,450.0,0.0,7.0,0.0,443.0,40,572,560
CHN-L2,CHN,2026-09-24,C,2026-09-24 22:00:00,450.0,0.0,10.0,0.0,440.0,40,558,544
PUN-L1,PUN,2026-09-25,A,2026-09-25 06:00:00,450.0,0.0,8.0,0.0,442.0,42,521,509
PUN-L1,PUN,2026-09-25,B,2026-09-25 14:00:00,450.0,0.0,10.0,0.0,440.0,42,531,511
PUN-L1,PUN,2026-09-25,C,2026-09-25 22:00:00,450.0,0.0,14.0,0.0,436.0,42,489,473
PUN-L2,PUN,2026-09-25,A,2026-09-25 06:00:00,450.0,0.0,9.0,0.0,441.0,38,593,578
PUN-L2,PUN,2026-09-25,B,2026-09-25 14:00:00,450.0,0.0,10.0,0.0,440.0,38,585,577
PUN-L2,PUN,2026-09-25,C,2026-09-25 22:00:00,450.0,0.0,19.0,0.0,431.0,38,561,548
CHN-L1,CHN,2026-09-25,A,2026-09-25 06:00:00,450.0,350.0,22.0,0.0,78.0,45,85,82
CHN-L1,CHN,2026-09-25,B,2026-09-25 14:00:00,450.0,70.0,16.0,0.0,364.0,45,438,429
CHN-L1,CHN,2026-09-25,C,2026-09-25 22:00:00,450.0,0.0,20.0,0.0,430.0,45,502,496
CHN-L2,CHN,2026-09-25,A,2026-09-25 06:00:00,450.0,0.0,7.0,20.0,423.0,40,540,535
CHN-L2,CHN,2026-09-25,B,2026-09-25 14:00:00,450.0,0.0,21.0,0.0,429.0,40,596,587
CHN-L2,CHN,2026-09-25,C,2026-09-25 22:00:00,450.0,0.0,25.0,0.0,425.0,40,557,543
PUN-L1,PUN,2026-09-26,A,2026-09-26 06:00:00,450.0,0.0,25.0,0.0,425.0,42,504,487
PUN-L1,PUN,2026-09-26,B,2026-09-26 14:00:00,450.0,0.0,20.0,0.0,430.0,42,522,503
PUN-L1,PUN,2026-09-26,C,2026-09-26 22:00:00,450.0,0.0,23.0,0.0,427.0,42,503,483
PUN-L2,PUN,2026-09-26,A,2026-09-26 06:00:00,450.0,0.0,21.0,0.0,429.0,38,605,597
PUN-L2,PUN,2026-09-26,B,2026-09-26 14:00:00,450.0,0.0,16.0,0.0,434.0,38,604,594
PUN-L2,PUN,2026-09-26,C,2026-09-26 22:00:00,450.0,0.0,6.0,0.0,444.0,38,611,596
CHN-L1,CHN,2026-09-26,A,2026-09-26 06:00:00,450.0,0.0,26.0,0.0,424.0,45,465,456
CHN-L1,CHN,2026-09-26,B,2026-09-26 14:00:00,450.0,0.0,12.0,0.0,438.0,45,537,526
CHN-L1,CHN,2026-09-26,C,2026-09-26 22:00:00,450.0,0.0,11.0,0.0,439.0,45,502,495
CHN-L2,CHN,2026-09-26,A,2026-09-26 06:00:00,450.0,0.0,11.0,20.0,419.0,40,552,546
CHN-L2,CHN,2026-09-26,B,2026-09-26 14:00:00,450.0,0.0,21.0,0.0,429.0,40,595,591
CHN-L2,CHN,2026-09-26,C,2026-09-26 22:00:00,450.0,0.0,10.0,0.0,440.0,40,580,565
PUN-L1,PUN,2026-09-27,A,2026-09-27 06:00:00,450.0,0.0,25.0,0.0,425.0,42,467,453
PUN-L1,PUN,2026-09-27,B,2026-09-27 14:00:00,450.0,0.0,20.0,0.0,430.0,42,508,494
PUN-L1,PUN,2026-09-27,C,2026-09-27 22:00:00,450.0,0.0,26.0,0.0,424.0,42,461,446
PUN-L2,PUN,2026-09-27,A,2026-09-27 06:00:00,450.0,0.0,9.0,0.0,441.0,38,571,567
PUN-L2,PUN,2026-09-27,B,2026-09-27 14:00:00,450.0,0.0,7.0,0.0,443.0,38,616,612
PUN-L2,PUN,2026-09-27,C,2026-09-27 22:00:00,450.0,0.0,15.0,0.0,435.0,38,563,550
CHN-L1,CHN,2026-09-27,A,2026-09-27 06:00:00,450.0,0.0,14.0,0.0,436.0,45,507,499
CHN-L1,CHN,2026-09-27,B,2026-09-27 14:00:00,450.0,0.0,15.0,0.0,435.0,45,503,499
CHN-L1,CHN,2026-09-27,C,2026-09-27 22:00:00,450.0,0.0,23.0,0.0,427.0,45,499,493
CHN-L2,CHN,2026-09-27,A,2026-09-27 06:00:00,450.0,0.0,20.0,20.0,410.0,40,558,554
CHN-L2,CHN,2026-09-27,B,2026-09-27 14:00:00,450.0,0.0,8.0,0.0,442.0,40,551,541
CHN-L2,CHN,2026-09-27,C,2026-09-27 22:00:00,450.0,0.0,27.0,0.0,423.0,40,548,538
PUN-L1,PUN,2026-09-28,A,2026-09-28 06:00:00,450.0,30.0,6.0,0.0,414.0,42,497,480
PUN-L1,PUN,2026-09-28,B,2026-09-28 14:00:00,450.0,300.0,21.0,0.0,129.0,42,169,168
PUN-L1,PUN,2026-09-28,C,2026-09-28 22:00:00,450.0,0.0,22.0,0.0,428.0,42,531,520
PUN-L2,PUN,2026-09-28,A,2026-09-28 06:00:00,450.0,0.0,17.0,0.0,433.0,38,635,619
PUN-L2,PUN,2026-09-28,B,2026-09-28 14:00:00,450.0,0.0,10.0,0.0,440.0,38,634,619
PUN-L2,PUN,2026-09-28,C,2026-09-28 22:00:00,450.0,0.0,18.0,0.0,432.0,38,597,591
CHN-L1,CHN,2026-09-28,A,2026-09-28 06:00:00,450.0,0.0,13.0,20.0,417.0,45,501,498
CHN-L1,CHN,2026-09-28,B,2026-09-28 14:00:00,450.0,0.0,22.0,0.0,428.0,45,521,513
CHN-L1,CHN,2026-09-28,C,2026-09-28 22:00:00,450.0,0.0,24.0,0.0,426.0,45,468,463
CHN-L2,CHN,2026-09-28,A,2026-09-28 06:00:00,450.0,0.0,10.0,20.0,420.0,40,537,532
CHN-L2,CHN,2026-09-28,B,2026-09-28 14:00:00,450.0,0.0,11.0,0.0,439.0,40,582,577
CHN-L2,CHN,2026-09-28,C,2026-09-28 22:00:00,450.0,0.0,6.0,0.0,444.0,40,586,575
PUN-L1,PUN,2026-09-29,A,2026-09-29 06:00:00,450.0,0.0,22.0,20.0,408.0,42,501,486
PUN-L1,PUN,2026-09-29,B,2026-09-29 14:00:00,450.0,0.0,13.0,0.0,437.0,42,497,483
PUN-L1,PUN,2026-09-29,C,2026-09-29 22:00:00,450.0,0.0,11.0,0.0,439.0,42,512,500
PUN-L2,PUN,2026-09-29,A,2026-09-29 06:00:00,450.0,0.0,26.0,20.0,404.0,38,550,541
PUN-L2,PUN,2026-09-29,B,2026-09-29 14:00:00,450.0,0.0,15.0,0.0,435.0,38,571,557
PUN-L2,PUN,2026-09-29,C,2026-09-29 22:00:00,450.0,0.0,19.0,0.0,431.0,38,571,565
CHN-L1,CHN,2026-09-29,A,2026-09-29 06:00:00,450.0,0.0,18.0,0.0,432.0,45,501,491
CHN-L1,CHN,2026-09-29,B,2026-09-29 14:00:00,450.0,0.0,9.0,0.0,441.0,45,527,523
CHN-L1,CHN,2026-09-29,C,2026-09-29 22:00:00,450.0,0.0,27.0,0.0,423.0,45,493,481
CHN-L2,CHN,2026-09-29,A,2026-09-29 06:00:00,450.0,0.0,27.0,0.0,423.0,40,571,559
CHN-L2,CHN,2026-09-29,B,2026-09-29 14:00:00,450.0,0.0,25.0,0.0,425.0,40,562,550
CHN-L2,CHN,2026-09-29,C,2026-09-29 22:00:00,450.0,0.0,20.0,0.0,430.0,40,585,572
PUN-L1,PUN,2026-09-30,A,2026-09-30 06:00:00,450.0,0.0,24.0,0.0,426.0,42,486,473
PUN-L1,PUN,2026-09-30,B,2026-09-30 14:00:00,450.0,0.0,23.0,0.0,427.0,42,486,468
PUN-L1,PUN,2026-09-30,C,2026-09-30 22:00:00,450.0,0.0,25.0,0.0,425.0,42,508,495
PUN-L2,PUN,2026-09-30,A,2026-09-30 06:00:00,450.0,0.0,20.0,0.0,430.0,38,577,574
PUN-L2,PUN,2026-09-30,B,2026-09-30 14:00:00,450.0,0.0,21.0,0.0,429.0,38,588,579
PUN-L2,PUN,2026-09-30,C,2026-09-30 22:00:00,450.0,0.0,7.0,0.0,443.0,38,605,587
CHN-L1,CHN,2026-09-30,A,2026-09-30 06:00:00,450.0,0.0,19.0,0.0,431.0,45,529,516
CHN-L1,CHN,2026-09-30,B,2026-09-30 14:00:00,450.0,0.0,10.0,0.0,440.0,45,518,511
CHN-L1,CHN,2026-09-30,C,2026-09-30 22:00:00,450.0,0.0,19.0,0.0,431.0,45,478,468
CHN-L2,CHN,2026-09-30,A,2026-09-30 06:00:00,450.0,0.0,21.0,0.0,429.0,40,577,572
CHN-L2,CHN,2026-09-30,B,2026-09-30 14:00:00,450.0,0.0,11.0,0.0,439.0,40,583,576
CHN-L2,CHN,2026-09-30,C,2026-09-30 22:00:00,450.0,0.0,26.0,0.0,424.0,40,524,518
PUN-L1,PUN,2026-10-01,A,2026-10-01 06:00:00,450.0,0.0,19.0,0.0,431.0,42,492,480
PUN-L1,PUN,2026-10-01,B,2026-10-01 14:00:00,450.0,0.0,15.0,0.0,435.0,42,487,475
PUN-L1,PUN,2026-10-01,C,2026-10-01 22:00:00,450.0,0.0,11.0,0.0,439.0,42,525,513
PUN-L2,PUN,2026-10-01,A,2026-10-01 06:00:00,450.0,0.0,19.0,0.0,431.0,38,519,498
PUN-L2,PUN,2026-10-01,B,2026-10-01 14:00:00,450.0,0.0,12.0,0.0,438.0,38,593,572
PUN-L2,PUN,2026-10-01,C,2026-10-01 22:00:00,450.0,0.0,15.0,0.0,435.0,38,522,508
CHN-L1,CHN,2026-10-01,A,2026-10-01 06:00:00,450.0,0.0,17.0,20.0,413.0,45,475,464
CHN-L1,CHN,2026-10-01,B,2026-10-01 14:00:00,450.0,0.0,8.0,0.0,442.0,45,508,504
CHN-L1,CHN,2026-10-01,C,2026-10-01 22:00:00,450.0,0.0,6.0,0.0,444.0,45,531,527
CHN-L2,CHN,2026-10-01,A,2026-10-01 06:00:00,450.0,0.0,18.0,0.0,432.0,40,514,493
CHN-L2,CHN,2026-10-01,B,2026-10-01 14:00:00,450.0,0.0,15.0,0.0,435.0,40,534,518
CHN-L2,CHN,2026-10-01,C,2026-10-01 22:00:00,450.0,0.0,20.0,0.0,430.0,40,506,491
PUN-L1,PUN,2026-10-02,A,2026-10-02 06:00:00,450.0,0.0,27.0,0.0,423.0,42,512,495
PUN-L1,PUN,2026-10-02,B,2026-10-02 14:00:00,450.0,0.0,22.0,0.0,428.0,42,495,479
PUN-L1,PUN,2026-10-02,C,2026-10-02 22:00:00,450.0,0.0,26.0,0.0,424.0,42,465,451
PUN-L2,PUN,2026-10-02,A,2026-10-02 06:00:00,450.0,0.0,20.0,20.0,410.0,38,562,545
PUN-L2,PUN,2026-10-02,B,2026-10-02 14:00:00,450.0,0.0,24.0,0.0,426.0,38,545,529
PUN-L2,PUN,2026-10-02,C,2026-10-02 22:00:00,450.0,0.0,8.0,0.0,442.0,38,591,575
CHN-L1,CHN,2026-10-02,A,2026-10-02 06:00:00,450.0,0.0,11.0,0.0,439.0,45,491,483
CHN-L1,CHN,2026-10-02,B,2026-10-02 14:00:00,450.0,0.0,25.0,0.0,425.0,45,525,514
CHN-L1,CHN,2026-10-02,C,2026-10-02 22:00:00,450.0,0.0,11.0,0.0,439.0,45,504,498
CHN-L2,CHN,2026-10-02,A,2026-10-02 06:00:00,450.0,0.0,16.0,0.0,434.0,40,538,519
CHN-L2,CHN,2026-10-02,B,2026-10-02 14:00:00,450.0,0.0,13.0,0.0,437.0,40,563,545
CHN-L2,CHN,2026-10-02,C,2026-10-02 22:00:00,450.0,0.0,16.0,0.0,434.0,40,565,544
PUN-L1,PUN,2026-10-03,A,2026-10-03 06:00:00,450.0,0.0,8.0,0.0,442.0,42,515,498
PUN-L1,PUN,2026-10-03,B,2026-10-03 14:00:00,450.0,0.0,19.0,0.0,431.0,42,502,483
PUN-L1,PUN,2026-10-03,C,2026-10-03 22:00:00,450.0,0.0,12.0,0.0,438.0,42,486,471
PUN-L2,PUN,2026-10-03,A,2026-10-03 06:00:00,450.0,0.0,12.0,0.0,438.0,38,563,543
PUN-L2,PUN,2026-10-03,B,2026-10-03 14:00:00,450.0,0.0,14.0,0.0,436.0,38,570,555
PUN-L2,PUN,2026-10-03,C,2026-10-03 22:00:00,450.0,0.0,13.0,0.0,437.0,38,593,569
CHN-L1,CHN,2026-10-03,A,2026-10-03 06:00:00,450.0,0.0,6.0,20.0,424.0,45,511,500
CHN-L1,CHN,2026-10-03,B,2026-10-03 14:00:00,450.0,0.0,27.0,0.0,423.0,45,489,477
CHN-L1,CHN,2026-10-03,C,2026-10-03 22:00:00,450.0,0.0,14.0,0.0,436.0,45,520,516
CHN-L2,CHN,2026-10-03,A,2026-10-03 06:00:00,450.0,0.0,24.0,0.0,426.0,40,497,486
CHN-L2,CHN,2026-10-03,B,2026-10-03 14:00:00,450.0,0.0,26.0,0.0,424.0,40,528,512
CHN-L2,CHN,2026-10-03,C,2026-10-03 22:00:00,450.0,0.0,9.0,0.0,441.0,40,527,508
PUN-L1,PUN,2026-10-04,A,2026-10-04 06:00:00,450.0,0.0,10.0,20.0,420.0,42,520,508
PUN-L1,PUN,2026-10-04,B,2026-10-04 14:00:00,450.0,0.0,19.0,0.0,431.0,42,528,515
PUN-L2,PUN,2026-10-04,A,2026-10-04 06:00:00,450.0,0.0,20.0,0.0,430.0,38,574,558
PUN-L2,PUN,2026-10-04,B,2026-10-04 14:00:00,450.0,0.0,26.0,0.0,424.0,38,516,495
CHN-L1,CHN,2026-10-04,A,2026-10-04 06:00:00,450.0,0.0,17.0,20.0,413.0,45,469,464
CHN-L1,CHN,2026-10-04,B,2026-10-04 14:00:00,450.0,0.0,20.0,0.0,430.0,45,510,503
CHN-L2,CHN,2026-10-04,A,2026-10-04 06:00:00,450.0,0.0,17.0,0.0,433.0,40,503,487
CHN-L2,CHN,2026-10-04,B,2026-10-04 14:00:00,450.0,0.0,15.0,0.0,435.0,40,519,508
