WO_ID,ASSET_ID,WO_TYPE,PRIORITY,STATUS,CREATED_TS,SCHEDULED_TS,CLOSED_TS,FAILURE_MODE,DESCRIPTION,TECHNICIAN_NOTES,PARTS_USED,LABOR_HOURS,COST_INR,DOWNTIME_HOURS,SOURCE
WO-70009,PUN-L1-SPN-01,PM,P3,CLOSED,2026-08-03 06:00:00,2026-08-06 06:00:00,2026-08-06 08:00:00,,"Monthly PM - CNC Spindle: lubrication, visual inspection, fastener torque check",PM done. Belt tension adjusted.,GRS-LGHP2,2.0,3500,1.0,SCHEDULED
WO-70027,CHN-L1-PMP-01,PM,P3,CLOSED,2026-08-03 14:00:00,2026-08-06 14:00:00,2026-08-06 16:00:00,,"Monthly PM - Coolant Pump: lubrication, visual inspection, fastener torque check",Routine PM completed. No abnormality.,GRS-LGHP2,2.0,3500,1.0,SCHEDULED
WO-70031,CHN-L1-GBX-01,PM,P3,CLOSED,2026-08-04 08:00:00,2026-08-07 08:00:00,2026-08-07 10:00:00,,"Monthly PM - Gearbox: lubrication, visual inspection, fastener torque check",Routine PM completed. No abnormality.,GRS-LGHP2,2.0,3500,1.0,SCHEDULED
WO-70021,PUN-L2-SPN-01,PM,P3,CLOSED,2026-08-04 09:00:00,2026-08-07 09:00:00,2026-08-07 11:00:00,,"Monthly PM - CNC Spindle: lubrication, visual inspection, fastener torque check","Lubricated as per schedule. Minor oil seepage noted at gasket, monitor.",GRS-LGHP2,2.0,3500,1.0,SCHEDULED
WO-70039,CHN-L2-PMP-01,PM,P3,CLOSED,2026-08-05 09:00:00,2026-08-08 09:00:00,2026-08-08 11:00:00,,"Monthly PM - Coolant Pump: lubrication, visual inspection, fastener torque check",Routine PM completed. No abnormality.,GRS-LGHP2,2.0,3500,1.0,SCHEDULED
WO-70019,PUN-L2-GBX-01,PM,P3,CLOSED,2026-08-05 09:00:00,2026-08-08 09:00:00,2026-08-08 11:00:00,,"Monthly PM - Gearbox: lubrication, visual inspection, fastener torque check",Routine PM completed. No abnormality.,GRS-LGHP2,2.0,3500,1.0,SCHEDULED
WO-70017,PUN-L2-CMP-01,PM,P3,CLOSED,2026-08-05 12:00:00,2026-08-08 12:00:00,2026-08-08 14:00:00,,"Monthly PM - Air Compressor: lubrication, visual inspection, fastener torque check",Routine PM completed. No abnormality.,GRS-LGHP2,2.0,3500,1.0,SCHEDULED
WO-70005,PUN-L1-CMP-01,PM,P3,CLOSED,2026-08-06 09:00:00,2026-08-09 09:00:00,2026-08-09 11:00:00,,"Monthly PM - Air Compressor: lubrication, visual inspection, fastener torque check",Routine PM completed. No abnormality.,GRS-LGHP2,2.0,3500,1.0,SCHEDULED
WO-70041,CHN-L2-CMP-01,PM,P3,CLOSED,2026-08-06 10:00:00,2026-08-09 10:00:00,2026-08-09 12:00:00,,"Monthly PM - Air Compressor: lubrication, visual inspection, fastener torque check",Routine PM completed. No abnormality.,GRS-LGHP2,2.0,3500,1.0,SCHEDULED
WO-70043,CHN-L2-GBX-01,PM,P3,CLOSED,2026-08-06 16:00:00,2026-08-09 16:00:00,2026-08-09 18:00:00,,"Monthly PM - Gearbox: lubrication, visual inspection, fastener torque check",PM done. Belt tension adjusted.,GRS-LGHP2,2.0,3500,1.0,SCHEDULED
WO-70029,CHN-L1-CMP-01,PM,P3,CLOSED,2026-08-07 06:00:00,2026-08-10 06:00:00,2026-08-10 08:00:00,,"Monthly PM - Air Compressor: lubrication, visual inspection, fastener torque check","Lubricated as per schedule. Minor oil seepage noted at gasket, monitor.",GRS-LGHP2,2.0,3500,1.0,SCHEDULED
WO-70047,CHN-L2-CNV-01,PM,P3,CLOSED,2026-08-09 12:00:00,2026-08-12 12:00:00,2026-08-12 14:00:00,,"Monthly PM - Conveyor Drive: lubrication, visual inspection, fastener torque check","Completed PM, cleaned cooling fins, readings normal.",GRS-LGHP2,2.0,3500,1.0,SCHEDULED
WO-70037,CHN-L2-MTR-01,PM,P3,CANCELLED,2026-08-10 13:00:00,2026-08-13 13:00:00,,,"Monthly PM - Main Drive Motor: lubrication, visual inspection, fastener torque check",PM skipped - production priority / shutdown week,,0.0,0,0.0,SCHEDULED
WO-70015,PUN-L2-PMP-01,PM,P3,CLOSED,2026-08-10 14:00:00,2026-08-13 14:00:00,2026-08-13 16:00:00,,"Monthly PM - Coolant Pump: lubrication, visual inspection, fastener torque check",PM done. Belt tension adjusted.,GRS-LGHP2,2.0,3500,1.0,SCHEDULED
WO-70011,PUN-L1-CNV-01,PM,P3,CLOSED,2026-08-11 07:00:00,2026-08-14 07:00:00,2026-08-14 09:00:00,,"Monthly PM - Conveyor Drive: lubrication, visual inspection, fastener torque check","Lubricated as per schedule. Minor oil seepage noted at gasket, monitor.",GRS-LGHP2,2.0,3500,1.0,SCHEDULED
WO-70003,PUN-L1-PMP-01,PM,P3,CLOSED,2026-08-11 08:00:00,2026-08-14 08:00:00,2026-08-14 10:00:00,,"Monthly PM - Coolant Pump: lubrication, visual inspection, fastener torque check","Lubricated as per schedule. Minor oil seepage noted at gasket, monitor.",GRS-LGHP2,2.0,3500,1.0,SCHEDULED
WO-70033,CHN-L1-SPN-01,PM,P3,CLOSED,2026-08-13 16:00:00,2026-08-16 16:00:00,2026-08-16 18:00:00,,"Monthly PM - CNC Spindle: lubrication, visual inspection, fastener torque check",Routine PM completed. No abnormality.,GRS-LGHP2,2.0,3500,1.0,SCHEDULED
WO-70045,CHN-L2-SPN-01,PM,P3,CLOSED,2026-08-17 16:00:00,2026-08-20 16:00:00,2026-08-20 18:00:00,,"Monthly PM - CNC Spindle: lubrication, visual inspection, fastener torque check",Routine PM completed. No abnormality.,GRS-LGHP2,2.0,3500,1.0,SCHEDULED
WO-70025,CHN-L1-MTR-01,PM,P3,CLOSED,2026-08-17 17:00:00,2026-08-20 17:00:00,2026-08-20 19:00:00,,"Monthly PM - Main Drive Motor: lubrication, visual inspection, fastener torque check",Routine PM completed. No abnormality.,GRS-LGHP2,2.0,3500,1.0,SCHEDULED
WO-70013,PUN-L2-MTR-01,PM,P3,CLOSED,2026-08-18 09:00:00,2026-08-21 09:00:00,2026-08-21 11:00:00,,"Monthly PM - Main Drive Motor: lubrication, visual inspection, fastener torque check",Routine PM completed. No abnormality.,GRS-LGHP2,2.0,3500,1.0,SCHEDULED
WO-70023,PUN-L2-CNV-01,PM,P3,CLOSED,2026-08-19 07:00:00,2026-08-22 07:00:00,2026-08-22 09:00:00,,"Monthly PM - Conveyor Drive: lubrication, visual inspection, fastener torque check",PM done. Belt tension adjusted.,GRS-LGHP2,2.0,3500,1.0,SCHEDULED
WO-70049,PUN-L1-MTR-01,CM,P1,CLOSED,2026-08-19 14:35:00,2026-08-19 14:50:00,2026-08-19 23:50:00,BEARING_WEAR,BREAKDOWN - Rolling-element bearing wear / outer race spalling,High-frequency vibration confirmed bearing defect frequency (BPFO). Replaced DE and NDE bearings 6312-C3. Recommend shortening lubrication interval to 21 days.,"BRG-6312-C3,GRS-LGHP2",15.2,155782,9.5,BREAKDOWN
WO-70001,PUN-L1-MTR-01,PM,P3,CLOSED,2026-08-20 07:00:00,2026-08-23 07:00:00,2026-08-23 09:00:00,,"Monthly PM - Main Drive Motor: lubrication, visual inspection, fastener torque check","Completed PM, cleaned cooling fins, readings normal.",GRS-LGHP2,2.0,3500,1.0,SCHEDULED
WO-70035,CHN-L1-CNV-01,PM,P3,CLOSED,2026-08-21 16:00:00,2026-08-24 16:00:00,2026-08-24 18:00:00,,"Monthly PM - Conveyor Drive: lubrication, visual inspection, fastener torque check",Routine PM completed. No abnormality.,GRS-LGHP2,2.0,3500,1.0,SCHEDULED
WO-70050,PUN-L1-PMP-01,CM,P1,CLOSED,2026-08-24 03:55:00,2026-08-24 04:10:00,2026-08-24 08:40:00,CAVITATION,BREAKDOWN - Pump cavitation due to low suction head,"Crackling noise at pump inlet, suction strainer 70% blocked. Cleaned strainer, impeller showed pitting. Replaced impeller and mechanical seal.","IMP-CP-150,SEAL-MS-35,STR-SUC-80",8.0,95373,5.0,BREAKDOWN
WO-70007,PUN-L1-GBX-01,PM,P3,CLOSED,2026-08-27 11:00:00,2026-08-30 11:00:00,2026-08-30 13:00:00,,"Monthly PM - Gearbox: lubrication, visual inspection, fastener torque check",Routine PM completed. No abnormality.,GRS-LGHP2,2.0,3500,1.0,SCHEDULED
WO-70051,PUN-L2-GBX-01,CM,P1,CLOSED,2026-08-28 22:25:00,2026-08-28 22:40:00,2026-08-29 12:10:00,LUBRICATION_FAILURE,BREAKDOWN - Lubrication breakdown leading to overheating,"Overheating trip. Oil cooler fins choked with dust; oil degraded. Cleaned cooler, changed oil to ISO VG 220 gear oil, replaced temperature sensor.","OIL-ISO-VG220,FLT-OIL-90,SNS-PT100",22.4,193976,14.0,BREAKDOWN
WO-70052,CHN-L1-SPN-01,CM,P1,CLOSED,2026-08-31 09:15:00,2026-08-31 09:30:00,2026-08-31 15:30:00,IMBALANCE,BREAKDOWN - Rotor imbalance,"Balance weight missing from rotor. Re-balanced on site, vibration dropped from 6.8 to 1.9 mm/s.",BAL-WT-KIT,10.4,138610,6.5,BREAKDOWN
WO-70010,PUN-L1-SPN-01,PM,P3,CLOSED,2026-09-02 06:00:00,2026-09-05 06:00:00,2026-09-05 08:00:00,,"Monthly PM - CNC Spindle: lubrication, visual inspection, fastener torque check",PM done. Belt tension adjusted.,GRS-LGHP2,2.0,3500,1.0,SCHEDULED
WO-70028,CHN-L1-PMP-01,PM,P3,CANCELLED,2026-09-02 14:00:00,2026-09-05 14:00:00,,,"Monthly PM - Coolant Pump: lubrication, visual inspection, fastener torque check",PM skipped - production priority / shutdown week,,0.0,0,0.0,SCHEDULED
WO-70032,CHN-L1-GBX-01,PM,P3,CLOSED,2026-09-03 08:00:00,2026-09-06 08:00:00,2026-09-06 10:00:00,,"Monthly PM - Gearbox: lubrication, visual inspection, fastener torque check","Lubricated as per schedule. Minor oil seepage noted at gasket, monitor.",GRS-LGHP2,2.0,3500,1.0,SCHEDULED
WO-70022,PUN-L2-SPN-01,PM,P3,CANCELLED,2026-09-03 09:00:00,2026-09-06 09:00:00,,,"Monthly PM - CNC Spindle: lubrication, visual inspection, fastener torque check",PM skipped - production priority / shutdown week,,0.0,0,0.0,SCHEDULED
WO-70053,CHN-L2-MTR-01,CM,P1,CLOSED,2026-09-03 17:45:00,2026-09-03 18:00:00,2026-09-04 11:30:00,ELECTRICAL_WINDING,BREAKDOWN - Stator winding insulation degradation,Phase current imbalance 12%. Winding hot-spot found by thermography. Motor replaced from stores.,MTR-STBY-45KW,28.8,222612,18.0,BREAKDOWN
WO-70040,CHN-L2-PMP-01,PM,P3,CANCELLED,2026-09-04 09:00:00,2026-09-07 09:00:00,,,"Monthly PM - Coolant Pump: lubrication, visual inspection, fastener torque check",PM skipped - production priority / shutdown week,,0.0,0,0.0,SCHEDULED
WO-70020,PUN-L2-GBX-01,PM,P3,CLOSED,2026-09-04 09:00:00,2026-09-07 09:00:00,2026-09-07 11:00:00,,"Monthly PM - Gearbox: lubrication, visual inspection, fastener torque check",PM done. Belt tension adjusted.,GRS-LGHP2,2.0,3500,1.0,SCHEDULED
WO-70018,PUN-L2-CMP-01,PM,P3,CLOSED,2026-09-04 12:00:00,2026-09-07 12:00:00,2026-09-07 14:00:00,,"Monthly PM - Air Compressor: lubrication, visual inspection, fastener torque check","Completed PM, cleaned cooling fins, readings normal.",GRS-LGHP2,2.0,3500,1.0,SCHEDULED
WO-70006,PUN-L1-CMP-01,PM,P3,CLOSED,2026-09-05 09:00:00,2026-09-08 09:00:00,2026-09-08 11:00:00,,"Monthly PM - Air Compressor: lubrication, visual inspection, fastener torque check",Routine PM completed. No abnormality.,GRS-LGHP2,2.0,3500,1.0,SCHEDULED
WO-70042,CHN-L2-CMP-01,PM,P3,CLOSED,2026-09-05 10:00:00,2026-09-08 10:00:00,2026-09-08 12:00:00,,"Monthly PM - Air Compressor: lubrication, visual inspection, fastener torque check",PM done. Belt tension adjusted.,GRS-LGHP2,2.0,3500,1.0,SCHEDULED
WO-70044,CHN-L2-GBX-01,PM,P3,CANCELLED,2026-09-05 16:00:00,2026-09-08 16:00:00,,,"Monthly PM - Gearbox: lubrication, visual inspection, fastener torque check",PM skipped - production priority / shutdown week,,0.0,0,0.0,SCHEDULED
WO-70030,CHN-L1-CMP-01,PM,P3,CLOSED,2026-09-06 06:00:00,2026-09-09 06:00:00,2026-09-09 08:00:00,,"Monthly PM - Air Compressor: lubrication, visual inspection, fastener torque check",Routine PM completed. No abnormality.,GRS-LGHP2,2.0,3500,1.0,SCHEDULED
WO-70054,PUN-L2-CNV-01,CM,P1,CLOSED,2026-09-07 12:05:00,2026-09-07 12:20:00,2026-09-07 15:50:00,MISALIGNMENT,BREAKDOWN - Shaft / coupling misalignment,"Soft foot on motor base caused misalignment after base bolts loosened. Shimmed, torqued and laser-aligned.","CPL-INS-L100,SHM-KIT-SS",6.4,97179,4.0,BREAKDOWN
WO-70048,CHN-L2-CNV-01,PM,P3,CLOSED,2026-09-08 12:00:00,2026-09-11 12:00:00,2026-09-11 14:00:00,,"Monthly PM - Conveyor Drive: lubrication, visual inspection, fastener torque check",Routine PM completed. No abnormality.,GRS-LGHP2,2.0,3500,1.0,SCHEDULED
WO-70038,CHN-L2-MTR-01,PM,P3,CLOSED,2026-09-09 13:00:00,2026-09-12 13:00:00,2026-09-12 15:00:00,,"Monthly PM - Main Drive Motor: lubrication, visual inspection, fastener torque check",Routine PM completed. No abnormality.,GRS-LGHP2,2.0,3500,1.0,SCHEDULED
WO-70016,PUN-L2-PMP-01,PM,P3,CLOSED,2026-09-09 14:00:00,2026-09-12 14:00:00,2026-09-12 16:00:00,,"Monthly PM - Coolant Pump: lubrication, visual inspection, fastener torque check","Completed PM, cleaned cooling fins, readings normal.",GRS-LGHP2,2.0,3500,1.0,SCHEDULED
WO-70012,PUN-L1-CNV-01,PM,P3,CLOSED,2026-09-10 07:00:00,2026-09-13 07:00:00,2026-09-13 09:00:00,,"Monthly PM - Conveyor Drive: lubrication, visual inspection, fastener torque check","Completed PM, cleaned cooling fins, readings normal.",GRS-LGHP2,2.0,3500,1.0,SCHEDULED
WO-70004,PUN-L1-PMP-01,PM,P3,CLOSED,2026-09-10 08:00:00,2026-09-13 08:00:00,2026-09-13 10:00:00,,"Monthly PM - Coolant Pump: lubrication, visual inspection, fastener torque check",Routine PM completed. No abnormality.,GRS-LGHP2,2.0,3500,1.0,SCHEDULED
WO-70055,CHN-L1-CMP-01,CM,P1,CLOSED,2026-09-11 06:45:00,2026-09-11 07:00:00,2026-09-11 17:30:00,LUBRICATION_FAILURE,BREAKDOWN - Lubrication breakdown leading to overheating,"Overheating trip. Oil cooler fins choked with dust; oil degraded. Cleaned cooler, changed oil to ISO VG 220 gear oil, replaced temperature sensor.","OIL-ISO-VG220,FLT-OIL-90,SNS-PT100",17.6,175070,11.0,BREAKDOWN
WO-70034,CHN-L1-SPN-01,PM,P3,CANCELLED,2026-09-12 16:00:00,2026-09-15 16:00:00,,,"Monthly PM - CNC Spindle: lubrication, visual inspection, fastener torque check",PM skipped - production priority / shutdown week,,0.0,0,0.0,SCHEDULED
WO-70056,PUN-L1-GBX-01,CM,P1,CLOSED,2026-09-14 15:15:00,2026-09-14 15:30:00,2026-09-15 07:00:00,BEARING_WEAR,BREAKDOWN - Rolling-element bearing wear / outer race spalling,"Found outer race spalling on drive-end bearing 6312-C3. Grease was dark and contaminated. Replaced bearing, flushed housing, regreased with LGHP2 polyurea grease. Last lubrication was 9 days overdue.","BRG-6312-C3,GRS-LGHP2",25.6,214980,16.0,BREAKDOWN
WO-70046,CHN-L2-SPN-01,PM,P3,CLOSED,2026-09-16 16:00:00,2026-09-19 16:00:00,2026-09-19 18:00:00,,"Monthly PM - CNC Spindle: lubrication, visual inspection, fastener torque check",Routine PM completed. No abnormality.,GRS-LGHP2,2.0,3500,1.0,SCHEDULED
WO-70026,CHN-L1-MTR-01,PM,P3,CLOSED,2026-09-16 17:00:00,2026-09-19 17:00:00,2026-09-19 19:00:00,,"Monthly PM - Main Drive Motor: lubrication, visual inspection, fastener torque check",Routine PM completed. No abnormality.,GRS-LGHP2,2.0,3500,1.0,SCHEDULED
WO-70057,CHN-L2-PMP-01,CM,P1,CLOSED,2026-09-17 02:35:00,2026-09-17 02:50:00,2026-09-17 06:50:00,CAVITATION,BREAKDOWN - Pump cavitation due to low suction head,"Crackling noise at pump inlet, suction strainer 70% blocked. Cleaned strainer, impeller showed pitting. Replaced impeller and mechanical seal.","IMP-CP-150,SEAL-MS-35,STR-SUC-80",7.2,114150,4.5,BREAKDOWN
WO-70014,PUN-L2-MTR-01,PM,P3,CANCELLED,2026-09-17 09:00:00,2026-09-20 09:00:00,,,"Monthly PM - Main Drive Motor: lubrication, visual inspection, fastener torque check",PM skipped - production priority / shutdown week,,0.0,0,0.0,SCHEDULED
WO-70024,PUN-L2-CNV-01,PM,P3,CLOSED,2026-09-18 07:00:00,2026-09-21 07:00:00,2026-09-21 09:00:00,,"Monthly PM - Conveyor Drive: lubrication, visual inspection, fastener torque check",Routine PM completed. No abnormality.,GRS-LGHP2,2.0,3500,1.0,SCHEDULED
WO-70002,PUN-L1-MTR-01,PM,P3,CLOSED,2026-09-19 07:00:00,2026-09-22 07:00:00,2026-09-22 09:00:00,,"Monthly PM - Main Drive Motor: lubrication, visual inspection, fastener torque check",PM done. Belt tension adjusted.,GRS-LGHP2,2.0,3500,1.0,SCHEDULED
WO-70036,CHN-L1-CNV-01,PM,P3,CLOSED,2026-09-20 16:00:00,2026-09-23 16:00:00,2026-09-23 18:00:00,,"Monthly PM - Conveyor Drive: lubrication, visual inspection, fastener torque check","Completed PM, cleaned cooling fins, readings normal.",GRS-LGHP2,2.0,3500,1.0,SCHEDULED
WO-70058,PUN-L2-SPN-01,CM,P1,CLOSED,2026-09-21 19:55:00,2026-09-21 20:10:00,2026-09-22 07:40:00,BEARING_WEAR,BREAKDOWN - Rolling-element bearing wear / outer race spalling,High-frequency vibration confirmed bearing defect frequency (BPFO). Replaced DE and NDE bearings 6312-C3. Recommend shortening lubrication interval to 21 days.,"BRG-6312-C3,GRS-LGHP2",19.2,173461,12.0,BREAKDOWN
WO-70059,CHN-L1-GBX-01,CM,P1,CLOSED,2026-09-25 08:25:00,2026-09-25 08:40:00,2026-09-25 15:10:00,MISALIGNMENT,BREAKDOWN - Shaft / coupling misalignment,"Soft foot on motor base caused misalignment after base bolts loosened. Shimmed, torqued and laser-aligned.","CPL-INS-L100,SHM-KIT-SS",11.2,114581,7.0,BREAKDOWN
WO-70008,PUN-L1-GBX-01,PM,P3,CLOSED,2026-09-26 11:00:00,2026-09-29 11:00:00,2026-09-29 13:00:00,,"Monthly PM - Gearbox: lubrication, visual inspection, fastener torque check",PM done. Belt tension adjusted.,GRS-LGHP2,2.0,3500,1.0,SCHEDULED
WO-70060,PUN-L1-CMP-01,CM,P1,CLOSED,2026-09-28 13:45:00,2026-09-28 14:00:00,2026-09-28 19:00:00,IMBALANCE,BREAKDOWN - Rotor imbalance,1x running-speed vibration dominant. Found material build-up on rotor/fan. Cleaned and dynamically balanced to G2.5.,BAL-WT-KIT,8.8,115560,5.5,BREAKDOWN
